"ID","step","hours","exposure","retain","substrate","material","lstar","astar","bstar","YI","Haze","ftir.1250","ftir.1700","ftir.2900","ftir.3350","ftir.1250.wavenum","ftir.1700.wavenum","ftir.2900.wavenum","ftir.3350.wavenum","dose","doseType"
"sa22076.02",0,0,"1x",2,"9013","PET",95.88,-0.04,1.14,2.13,1.2,NA,NA,NA,NA,NA,NA,NA,NA,0,"fullSpectrum"
"sa22073.01",0,0,"1x",1,"9006","TPU",96.71,-0.05,0.36,0.63,2.9,NA,NA,NA,NA,NA,NA,NA,NA,0,"fullSpectrum"
"sa22085.02",0,0,"1x",2,"9025","TPU",96.78,-0.03,0.34,0.6,2.5,NA,NA,NA,NA,NA,NA,NA,NA,0,"fullSpectrum"
"sa22079.02",0,0,"1x",2,"9013","TPU",96.76,-0.04,0.36,0.63,2.2,NA,NA,NA,NA,NA,NA,NA,NA,0,"fullSpectrum"
"sa22081.02",0,0,"1x",2,"9025","PET",95.81,-0.18,0.95,1.66,1.8,NA,NA,NA,NA,NA,NA,NA,NA,0,"fullSpectrum"
"sa22085.01",0,0,"1x",1,"9025","TPU",96.81,-0.03,0.38,0.67,2.8,NA,NA,NA,NA,NA,NA,NA,NA,0,"fullSpectrum"
"sa22089.07",0,0,"1x",2,"PURE","TPU",96.76,-0.04,0.33,0.58,3.6,NA,NA,NA,NA,NA,NA,NA,NA,0,"fullSpectrum"
"sa22085.03",0,0,"1x",3,"9025","TPU",96.81,-0.04,0.34,0.6,2,NA,NA,NA,NA,NA,NA,NA,NA,0,"fullSpectrum"
"sa22089.08",0,0,"1x",3,"PURE","TPU",96.65,-0.04,0.36,0.63,5.4,NA,NA,NA,NA,NA,NA,NA,NA,0,"fullSpectrum"
"sa22073.02",0,0,"1x",2,"9006","TPU",96.7,-0.04,0.36,0.62,4.3,NA,NA,NA,NA,NA,NA,NA,NA,0,"fullSpectrum"
"sa22087.09",0,0,"1x",4,"PURE","PET",95.09,-0.18,1.02,1.8,1.2,NA,NA,NA,NA,NA,NA,NA,NA,0,"fullSpectrum"
"sa22087.07",0,0,"1x",2,"PURE","PET",95.09,-0.18,1.03,1.82,1.4,NA,NA,NA,NA,NA,NA,NA,NA,0,"fullSpectrum"
"sa22076.01",0,0,"1x",1,"9013","PET",95.78,-0.19,0.96,1.67,1.9,NA,NA,NA,NA,NA,NA,NA,NA,0,"fullSpectrum"
"sa22087.06",0,0,"1x",1,"PURE","PET",95.04,-0.18,1.04,1.84,1.5,NA,NA,NA,NA,NA,NA,NA,NA,0,"fullSpectrum"
"sa22089.06",0,0,"1x",1,"PURE","TPU",96.7,-0.04,0.36,0.63,3.8,NA,NA,NA,NA,NA,NA,NA,NA,0,"fullSpectrum"
"sa22079.01",0,0,"1x",1,"9013","TPU",96.8,-0.04,0.36,0.63,1.5,NA,NA,NA,NA,NA,NA,NA,NA,0,"fullSpectrum"
"sa22073.04",0,0,"1x",4,"9006","TPU",96.66,-0.03,0.36,0.64,3,NA,NA,NA,NA,NA,NA,NA,NA,0,"fullSpectrum"
"sa22070.02",0,0,"1x",2,"9006","PET",95.79,-0.18,0.96,1.67,2.1,NA,NA,NA,NA,NA,NA,NA,NA,0,"fullSpectrum"
"sa22087.08",0,0,"1x",3,"PURE","PET",95.08,-0.17,1.03,1.83,1.2,NA,NA,NA,NA,NA,NA,NA,NA,0,"fullSpectrum"
"sa22079.04",0,0,"1x",4,"9013","TPU",96.77,-0.04,0.34,0.6,1.9,NA,NA,NA,NA,NA,NA,NA,NA,0,"fullSpectrum"
"sa22070.03",0,0,"1x",3,"9006","PET",95.83,-0.19,0.95,1.65,1.1,NA,NA,NA,NA,NA,NA,NA,NA,0,"fullSpectrum"
"sa22089.09",0,0,"1x",4,"PURE","TPU",96.68,-0.03,0.35,0.62,3.5,NA,NA,NA,NA,NA,NA,NA,NA,0,"fullSpectrum"
"sa22073.03",0,0,"1x",3,"9006","TPU",96.7,-0.04,0.36,0.63,3,NA,NA,NA,NA,NA,NA,NA,NA,0,"fullSpectrum"
"sa22081.03",0,0,"1x",3,"9025","PET",95.82,-0.19,0.94,1.64,1.4,NA,NA,NA,NA,NA,NA,NA,NA,0,"fullSpectrum"
"sa22070.01",0,0,"1x",1,"9006","PET",95.76,-0.18,0.96,1.68,1.8,NA,NA,NA,NA,NA,NA,NA,NA,0,"fullSpectrum"
"sa22085.04",0,0,"1x",4,"9025","TPU",96.84,-0.04,0.35,0.62,1.5,NA,NA,NA,NA,NA,NA,NA,NA,0,"fullSpectrum"
"sa22081.04",0,0,"1x",4,"9025","PET",95.8,-0.16,0.94,1.64,1.7,NA,NA,NA,NA,NA,NA,NA,NA,0,"fullSpectrum"
"sa22079.03",0,0,"1x",3,"9013","TPU",96.72,-0.04,0.4,0.7,3.2,NA,NA,NA,NA,NA,NA,NA,NA,0,"fullSpectrum"
"sa22076.03",0,0,"1x",3,"9013","PET",95.83,-0.21,0.95,1.63,1.2,NA,NA,NA,NA,NA,NA,NA,NA,0,"fullSpectrum"
"sa22081.01",0,0,"1x",1,"9025","PET",95.83,-0.17,0.94,1.64,1,NA,NA,NA,NA,NA,NA,NA,NA,0,"fullSpectrum"
"sa22070.04",0,0,"1x",4,"9006","PET",95.81,-0.17,0.93,1.63,2.1,NA,NA,NA,NA,NA,NA,NA,NA,0,"fullSpectrum"
"sa22076.04",0,0,"1x",4,"9013","PET",95.81,0.03,0.84,1.6,1.7,NA,NA,NA,NA,NA,NA,NA,NA,0,"fullSpectrum"
"sa22087.07",1,2208,"1x",2,"PURE","PET",95.11,-0.19,1.12,1.97,3.4,NA,NA,NA,NA,NA,NA,NA,NA,101.54592,"fullSpectrum"
"sa22073.01",1,2208,"1x",1,"9006","TPU",96.01,-0.02,0.7,1.3,7.5,0.330894,0.521871,0.0931557,0.0501915,1213.61,1720.67,2921.23,3387.28,101.54592,"fullSpectrum"
"sa22076.02",1,2208,"1x",2,"9013","PET",95.66,-0.2,1.07,1.86,3.5,NA,NA,NA,NA,NA,NA,NA,NA,101.54592,"fullSpectrum"
"sa22070.01",1,2208,"1x",1,"9006","PET",95.2,-0.18,1.23,2.19,7.2,0.0930286,0.117992,0.0171968,0.0146328,1213.61,1193.1,2934.28,3385.42,101.54592,"fullSpectrum"
"sa22085.03",1,2208,"1x",3,"9025","TPU",95.9,0,0.84,1.59,11.1,NA,NA,NA,NA,NA,NA,NA,NA,101.54592,"fullSpectrum"
"sa22073.02",1,2208,"1x",2,"9006","TPU",95.96,-0.05,0.69,1.26,7,NA,NA,NA,NA,NA,NA,NA,NA,101.54592,"fullSpectrum"
"sa22079.01",1,2208,"1x",1,"9013","TPU",96.32,-0.04,0.64,1.17,4.3,0.189099,0.243038,0.0389398,0.0260631,1249.03,1718.81,2932.42,3387.28,101.54592,"fullSpectrum"
"sa22085.04",1,2208,"1x",4,"9025","TPU",95.87,-0.06,0.77,1.4,10,NA,NA,NA,NA,NA,NA,NA,NA,101.54592,"fullSpectrum"
"sa22076.01",1,2208,"1x",1,"9013","PET",95.46,-0.43,1.12,1.78,4.4,0.123519,0.10433,0.0205386,0.0152111,1213.61,1709.49,2934.28,3374.23,101.54592,"fullSpectrum"
"sa22085.02",1,2208,"1x",2,"9025","TPU",96.14,-0.06,0.67,1.21,8.1,NA,NA,NA,NA,NA,NA,NA,NA,101.54592,"fullSpectrum"
"sa22085.01",1,2208,"1x",1,"9025","TPU",95.64,-0.22,0.56,0.89,9.4,0.278895,0.444849,0.0924762,0.0603141,1237.84,1718.81,2930.55,3387.28,101.54592,"fullSpectrum"
"sa22089.07",1,2208,"1x",2,"PURE","TPU",96.08,-0.02,0.75,1.39,7,NA,NA,NA,NA,NA,NA,NA,NA,101.54592,"fullSpectrum"
"sa22081.04",1,2208,"1x",4,"9025","PET",95.62,-0.19,1.08,1.89,6.3,NA,NA,NA,NA,NA,NA,NA,NA,101.54592,"fullSpectrum"
"sa22089.06",1,2208,"1x",1,"PURE","TPU",95.9,-0.04,0.78,1.43,9.1,0.399673,0.408635,0.17657,0.0601131,1226.66,1687.12,2924.96,3327.63,101.54592,"fullSpectrum"
"sa22089.08",1,2208,"1x",3,"PURE","TPU",96.2,-0.04,0.74,1.36,5.9,NA,NA,NA,NA,NA,NA,NA,NA,101.54592,"fullSpectrum"
"sa22076.03",1,2208,"1x",3,"9013","PET",95.19,-0.04,1.28,2.4,6.3,NA,NA,NA,NA,NA,NA,NA,NA,101.54592,"fullSpectrum"
"sa22073.03",1,2208,"1x",3,"9006","TPU",96.18,-0.05,0.72,1.31,5.9,NA,NA,NA,NA,NA,NA,NA,NA,101.54592,"fullSpectrum"
"sa22079.02",1,2208,"1x",2,"9013","TPU",96.22,-0.04,0.65,1.19,5.1,NA,NA,NA,NA,NA,NA,NA,NA,101.54592,"fullSpectrum"
"sa22089.09",1,2208,"1x",4,"PURE","TPU",96.17,-0.04,0.76,1.4,5.3,NA,NA,NA,NA,NA,NA,NA,NA,101.54592,"fullSpectrum"
"sa22070.04",1,2208,"1x",4,"9006","PET",96.03,-0.18,1.11,1.96,3.1,NA,NA,NA,NA,NA,NA,NA,NA,101.54592,"fullSpectrum"
"sa22073.04",1,2208,"1x",4,"9006","TPU",96.11,-0.05,0.64,1.16,6.8,NA,NA,NA,NA,NA,NA,NA,NA,101.54592,"fullSpectrum"
"sa22081.01",1,2208,"1x",1,"9025","PET",95.34,-0.17,1.17,2.1,6.7,0.101306,0.099422,0.0192033,0.0122164,1213.61,1718.81,2880.22,3381.69,101.54592,"fullSpectrum"
"sa22081.02",1,2208,"1x",2,"9025","PET",95.25,-0.16,1.25,2.25,8.6,NA,NA,NA,NA,NA,NA,NA,NA,101.54592,"fullSpectrum"
"sa22070.02",1,2208,"1x",2,"9006","PET",95.44,-0.18,1.15,2.04,5.9,NA,NA,NA,NA,NA,NA,NA,NA,101.54592,"fullSpectrum"
"sa22081.03",1,2208,"1x",3,"9025","PET",95.48,-0.19,1.15,2.02,7.6,NA,NA,NA,NA,NA,NA,NA,NA,101.54592,"fullSpectrum"
"sa22070.03",1,2208,"1x",3,"9006","PET",95.15,-0.15,1.22,2.2,7.6,NA,NA,NA,NA,NA,NA,NA,NA,101.54592,"fullSpectrum"
"sa22087.09",1,2208,"1x",4,"PURE","PET",95.03,-0.2,1.15,2.03,5.9,NA,NA,NA,NA,NA,NA,NA,NA,101.54592,"fullSpectrum"
"sa22087.06",1,2208,"1x",1,"PURE","PET",94.71,-0.21,1.25,2.22,6.6,0.227019,0.1794,0.0271421,0.0251469,1239.71,1713.22,2906.32,3329.49,101.54592,"fullSpectrum"
"sa22079.03",1,2208,"1x",3,"9013","TPU",96.26,-0.04,0.68,1.24,5.9,NA,NA,NA,NA,NA,NA,NA,NA,101.54592,"fullSpectrum"
"sa22079.04",1,2208,"1x",4,"9013","TPU",96.08,-0.03,0.7,1.3,5.6,NA,NA,NA,NA,NA,NA,NA,NA,101.54592,"fullSpectrum"
"sa22076.04",1,2208,"1x",4,"9013","PET",95.37,-0.05,1.03,1.91,6,NA,NA,NA,NA,NA,NA,NA,NA,101.54592,"fullSpectrum"
"sa22085.02",2,4224,"1x",2,"9025","TPU",95.87,-0.01,0.85,1.6,8.8,NA,NA,NA,NA,NA,NA,NA,NA,194.26176,"fullSpectrum"
"sa22087.07",2,4224,"1x",2,"PURE","PET",94.87,-0.19,1.18,2.11,5.2,NA,NA,NA,NA,NA,NA,NA,NA,194.26176,"fullSpectrum"
"sa22089.07",2,4224,"1x",2,"PURE","TPU",94.98,0.02,1.16,2.23,16.6,NA,NA,NA,NA,NA,NA,NA,NA,194.26176,"fullSpectrum"
"sa22073.03",2,4224,"1x",3,"9006","TPU",94.85,0.03,1.23,2.37,19,NA,NA,NA,NA,NA,NA,NA,NA,194.26176,"fullSpectrum"
"sa22085.03",2,4224,"1x",3,"9025","TPU",95.93,-0.01,0.86,1.61,7.2,NA,NA,NA,NA,NA,NA,NA,NA,194.26176,"fullSpectrum"
"sa22079.02",2,4224,"1x",2,"9013","TPU",96.26,-0.04,0.71,1.3,4.7,NA,NA,NA,NA,NA,NA,NA,NA,194.26176,"fullSpectrum"
"sa22073.04",2,4224,"1x",4,"9006","TPU",96.19,-0.01,0.76,1.42,6,NA,NA,NA,NA,NA,NA,NA,NA,194.26176,"fullSpectrum"
"sa22081.02",2,4224,"1x",2,"9025","PET",95.29,-0.16,1.23,2.21,5,NA,NA,NA,NA,NA,NA,NA,NA,194.26176,"fullSpectrum"
"sa22070.03",2,4224,"1x",3,"9006","PET",95.29,-0.19,1.21,2.15,6,NA,NA,NA,NA,NA,NA,NA,NA,194.26176,"fullSpectrum"
"sa22081.04",2,4224,"1x",4,"9025","PET",95.41,-0.18,1.18,2.1,5.7,NA,NA,NA,NA,NA,NA,NA,NA,194.26176,"fullSpectrum"
"sa22070.04",2,4224,"1x",4,"9006","PET",95.37,-0.19,1.18,2.09,5.9,NA,NA,NA,NA,NA,NA,NA,NA,194.26176,"fullSpectrum"
"sa22070.02",2,4224,"1x",2,"9006","PET",95.4,-0.2,1.2,2.12,5.6,NA,NA,NA,NA,NA,NA,NA,NA,194.26176,"fullSpectrum"
"sa22079.03",2,4224,"1x",3,"9013","TPU",96.11,-0.04,0.76,1.4,5.5,NA,NA,NA,NA,NA,NA,NA,NA,194.26176,"fullSpectrum"
"sa22089.09",2,4224,"1x",4,"PURE","TPU",95.1,0.02,1.13,2.17,12.2,NA,NA,NA,NA,NA,NA,NA,NA,194.26176,"fullSpectrum"
"sa22089.08",2,4224,"1x",3,"PURE","TPU",94.95,0.03,1.22,2.34,15.6,NA,NA,NA,NA,NA,NA,NA,NA,194.26176,"fullSpectrum"
"sa22076.04",2,4224,"1x",4,"9013","PET",95.38,-0.24,1.26,2.21,8.7,NA,NA,NA,NA,NA,NA,NA,NA,194.26176,"fullSpectrum"
"sa22079.04",2,4224,"1x",4,"9013","TPU",96.16,-0.02,0.82,1.52,5,NA,NA,NA,NA,NA,NA,NA,NA,194.26176,"fullSpectrum"
"sa22081.03",2,4224,"1x",3,"9025","PET",95.42,-0.19,1.2,2.13,6.6,NA,NA,NA,NA,NA,NA,NA,NA,194.26176,"fullSpectrum"
"sa22087.09",2,4224,"1x",4,"PURE","PET",94.85,-0.2,1.23,2.2,5.9,NA,NA,NA,NA,NA,NA,NA,NA,194.26176,"fullSpectrum"
"sa22076.02",2,4224,"1x",2,"9013","PET",95.56,-0.19,1.19,2.11,3.6,NA,NA,NA,NA,NA,NA,NA,NA,194.26176,"fullSpectrum"
"sa22085.04",2,4224,"1x",4,"9025","TPU",95.96,-0.01,0.87,1.63,6.7,NA,NA,NA,NA,NA,NA,NA,NA,194.26176,"fullSpectrum"
"sa22073.02",2,4224,"1x",2,"9006","TPU",95.19,0.03,1.11,2.12,14.1,NA,NA,NA,NA,NA,NA,NA,NA,194.26176,"fullSpectrum"
"sa22076.03",2,4224,"1x",3,"9013","PET",95.38,-0.2,1.26,2.23,4,NA,NA,NA,NA,NA,NA,NA,NA,194.26176,"fullSpectrum"
"sa22073.04",3,10296,"1x",4,"9006","TPU",95.5,0,1.17,2.21,8.9,0.450697,0.503554,0.0928364,0.0716179,1213.61,1737.45,NA,NA,473.51304,"fullSpectrum"
"sa22079.03",3,10296,"1x",3,"9013","TPU",95.42,-0.02,1.12,2.11,9.3,0.437594,0.468388,0.0879498,0.0780471,1213.61,1737.45,NA,NA,473.51304,"fullSpectrum"
"sa22087.08",3,10296,"1x",3,"PURE","PET",94.96,-0.25,1.28,2.24,5.4,0.405287,0.367667,0.0567183,0.0466299,1213.61,1733.72,NA,NA,473.51304,"fullSpectrum"
"sa22073.03",3,10296,"1x",3,"9006","TPU",95.23,0,1.27,2.42,11.8,0.408473,0.424255,0.177655,0.0730366,1213.61,1737.45,NA,NA,473.51304,"fullSpectrum"
"sa22085.04",3,10296,"1x",4,"9025","TPU",95.78,-0.01,1.07,2.01,7.9,0.363386,0.393899,0.0948112,0.0614907,1213.61,1737.45,NA,NA,473.51304,"fullSpectrum"
"sa22085.03",3,10296,"1x",3,"9025","TPU",95.84,-0.02,1.04,1.95,7.5,0.363216,0.388379,0.0966239,0.0696155,1213.61,1737.45,NA,NA,473.51304,"fullSpectrum"
"sa22079.04",3,10296,"1x",4,"9013","TPU",95.73,-0.03,1.09,2.04,8.1,0.48185,0.50111,0.0946522,0.0687326,1213.61,1737.45,NA,NA,473.51304,"fullSpectrum"
"sa22089.08",3,10296,"1x",3,"PURE","TPU",94.19,0.07,1.7,3.31,20.4,0.420246,0.431736,0.1849,0.0738262,1213.61,1737.45,NA,NA,473.51304,"fullSpectrum"
"sa22089.09",3,10296,"1x",4,"PURE","TPU",94.55,0.05,1.56,3.01,15.5,0.409229,0.419481,0.179545,0.0758895,1213.61,1737.45,NA,NA,473.51304,"fullSpectrum"
"sa22070.03",3,10296,"1x",3,"9006","PET",95.17,-0.15,1.42,2.58,6.2,0.246427,0.238416,0.0511112,0.0446114,1213.61,1737.45,NA,NA,473.51304,"fullSpectrum"
"sa22070.04",3,10296,"1x",4,"9006","PET",94.97,-0.2,1.48,2.67,6.7,0.210764,0.196149,0.0423821,0.0362013,1213.61,1737.45,NA,NA,473.51304,"fullSpectrum"
"sa22076.04",3,10296,"1x",4,"9013","PET",95.03,-0.22,1.46,2.61,7.7,0.266946,0.230871,0.0422766,0.0380724,1213.61,1731.86,NA,NA,473.51304,"fullSpectrum"
"sa22081.04",3,10296,"1x",4,"9025","PET",95.17,-0.24,1.41,2.5,5.7,0.194439,0.171342,0.0453047,0.0331867,1213.61,1737.45,NA,NA,473.51304,"fullSpectrum"
"sa22087.09",3,10296,"1x",4,"PURE","PET",94.63,-0.22,1.45,2.61,8.4,0.301365,0.264792,0.0432032,0.0361679,1213.61,1729.99,NA,NA,473.51304,"fullSpectrum"
"sa22076.03",3,10296,"1x",3,"9013","PET",95.12,-0.45,1.4,2.32,5.3,0.275012,0.251002,0.0489986,0.0439539,1213.61,1735.59,NA,NA,473.51304,"fullSpectrum"
"sa22087.12",0,0,"5x",3,"PURE","PET",95.09,-0.18,1.02,1.81,1.2,NA,NA,NA,NA,NA,NA,NA,NA,NA,"fullSpectrum"
"sa22070.06",0,0,"5x",2,"9006","PET",95.81,-0.2,0.94,1.63,1.9,NA,NA,NA,NA,NA,NA,NA,NA,NA,"fullSpectrum"
"sa22073.05",0,0,"5x",1,"9006","TPU",96.74,-0.04,0.36,0.63,2.9,NA,NA,NA,NA,NA,NA,NA,NA,NA,"fullSpectrum"
"sa22082.03",0,0,"5x",4,"9025","PET",95.81,-0.17,0.94,1.65,1.5,NA,NA,NA,NA,NA,NA,NA,NA,NA,"fullSpectrum"
"sa22070.07",0,0,"5x",3,"9006","PET",95.78,-0.18,0.95,1.65,1.9,NA,NA,NA,NA,NA,NA,NA,NA,NA,"fullSpectrum"
"sa22082.01",0,0,"5x",2,"9025","PET",95.82,-0.19,0.94,1.64,2.2,NA,NA,NA,NA,NA,NA,NA,NA,NA,"fullSpectrum"
"sa22073.08",0,0,"5x",4,"9006","TPU",96.75,-0.04,0.33,0.58,3.5,NA,NA,NA,NA,NA,NA,NA,NA,NA,"fullSpectrum"
"sa22073.06",0,0,"5x",2,"9006","TPU",96.76,-0.05,0.36,0.63,2.5,NA,NA,NA,NA,NA,NA,NA,NA,NA,"fullSpectrum"
"sa22070.05",0,0,"5x",1,"9006","PET",95.8,-0.17,0.95,1.67,2.1,NA,NA,NA,NA,NA,NA,NA,NA,NA,"fullSpectrum"
"sa22087.13",0,0,"5x",4,"PURE","PET",95.07,-0.18,1.04,1.84,1.6,NA,NA,NA,NA,NA,NA,NA,NA,NA,"fullSpectrum"
"sa22076.07",0,0,"5x",3,"9013","PET",95.76,-0.19,0.93,1.6,1.9,NA,NA,NA,NA,NA,NA,NA,NA,NA,"fullSpectrum"
"sa22076.06",0,0,"5x",2,"9013","PET",95.81,-0.19,0.95,1.64,1.3,NA,NA,NA,NA,NA,NA,NA,NA,NA,"fullSpectrum"
"sa22082.02",0,0,"5x",3,"9025","PET",95.8,-0.18,0.94,1.64,1.7,NA,NA,NA,NA,NA,NA,NA,NA,NA,"fullSpectrum"
"sa22085.07",0,0,"5x",3,"9025","TPU",96.8,-0.02,0.34,0.62,3.4,NA,NA,NA,NA,NA,NA,NA,NA,NA,"fullSpectrum"
"sa22089.13",0,0,"5x",4,"PURE","TPU",96.75,-0.04,0.34,0.6,2.7,NA,NA,NA,NA,NA,NA,NA,NA,NA,"fullSpectrum"
"sa22079.06",0,0,"5x",2,"9013","TPU",96.81,-0.04,0.36,0.63,2,NA,NA,NA,NA,NA,NA,NA,NA,NA,"fullSpectrum"
"sa22089.12",0,0,"5x",3,"PURE","TPU",96.78,-0.04,0.32,0.57,1.7,NA,NA,NA,NA,NA,NA,NA,NA,NA,"fullSpectrum"
"sa22082.00",0,0,"5x",1,"9025","PET",95.83,-0.19,0.95,1.65,1.6,NA,NA,NA,NA,NA,NA,NA,NA,NA,"fullSpectrum"
"sa22085.08",0,0,"5x",4,"9025","TPU",96.82,-0.05,0.35,0.6,2.5,NA,NA,NA,NA,NA,NA,NA,NA,NA,"fullSpectrum"
"sa22079.08",0,0,"5x",4,"9013","TPU",96.8,-0.04,0.38,0.66,1.8,NA,NA,NA,NA,NA,NA,NA,NA,NA,"fullSpectrum"
"sa22085.06",0,0,"5x",2,"9025","TPU",96.79,-0.04,0.34,0.59,2,NA,NA,NA,NA,NA,NA,NA,NA,NA,"fullSpectrum"
"sa22089.11",0,0,"5x",2,"PURE","TPU",96.74,-0.04,0.34,0.58,2.1,NA,NA,NA,NA,NA,NA,NA,NA,NA,"fullSpectrum"
"sa22089.10",0,0,"5x",1,"PURE","TPU",96.74,-0.03,0.34,0.59,3.2,NA,NA,NA,NA,NA,NA,NA,NA,NA,"fullSpectrum"
"sa22079.05",0,0,"5x",1,"9013","TPU",96.78,-0.04,0.36,0.64,1.7,NA,NA,NA,NA,NA,NA,NA,NA,NA,"fullSpectrum"
"sa22073.07",0,0,"5x",3,"9006","TPU",96.78,-0.04,0.33,0.57,2.5,NA,NA,NA,NA,NA,NA,NA,NA,NA,"fullSpectrum"
"sa22079.07",0,0,"5x",3,"9013","TPU",96.78,-0.03,0.37,0.65,1.9,NA,NA,NA,NA,NA,NA,NA,NA,NA,"fullSpectrum"
"sa22070.08",0,0,"5x",4,"9006","PET",95.8,-0.18,0.93,1.62,2.6,NA,NA,NA,NA,NA,NA,NA,NA,NA,"fullSpectrum"
"sa22076.08",0,0,"5x",4,"9013","PET",95.81,-0.19,0.96,1.67,2.1,NA,NA,NA,NA,NA,NA,NA,NA,NA,"fullSpectrum"
"sa22076.05",0,0,"5x",1,"9013","PET",95.82,-0.2,0.94,1.62,1,NA,NA,NA,NA,NA,NA,NA,NA,NA,"fullSpectrum"
"sa22087.11",0,0,"5x",2,"PURE","PET",95.06,-0.17,1.03,1.83,1.1,NA,NA,NA,NA,NA,NA,NA,NA,NA,"fullSpectrum"
"sa22085.05",0,0,"5x",1,"9025","TPU",96.78,-0.04,0.37,0.65,2.7,NA,NA,NA,NA,NA,NA,NA,NA,NA,"fullSpectrum"
"sa22087.10",0,0,"5x",1,"PURE","PET",95.11,-0.18,1.02,1.8,1.1,NA,NA,NA,NA,NA,NA,NA,NA,NA,"fullSpectrum"
"sa22070.06",1,2208,"5x",2,"9006","PET",95.35,-0.18,1.15,2.04,6.7,NA,NA,NA,NA,NA,NA,NA,NA,NA,"fullSpectrum"
"sa22079.06",1,2208,"5x",2,"9013","TPU",96.18,-0.02,0.66,1.22,6.3,NA,NA,NA,NA,NA,NA,NA,NA,NA,"fullSpectrum"
"sa22082.03",1,2208,"5x",4,"9025","PET",95.13,-0.15,1.26,2.29,9.4,NA,NA,NA,NA,NA,NA,NA,NA,NA,"fullSpectrum"
"sa22070.05",1,2208,"5x",1,"9006","PET",95.4,-0.17,1.18,2.11,6.4,0.0640189,0.0746197,0.0157981,0.0154616,1213.61,1718.81,2915.64,3331.36,NA,"fullSpectrum"
"sa22073.08",1,2208,"5x",4,"9006","TPU",96.14,-0.02,0.71,1.32,7.3,NA,NA,NA,NA,NA,NA,NA,NA,NA,"fullSpectrum"
"sa22073.07",1,2208,"5x",3,"9006","TPU",96.22,-0.04,0.65,1.18,6.8,NA,NA,NA,NA,NA,NA,NA,NA,NA,"fullSpectrum"
"sa22070.07",1,2208,"5x",3,"9006","PET",95.48,-0.19,1.09,1.91,8,NA,NA,NA,NA,NA,NA,NA,NA,NA,"fullSpectrum"
"sa22082.02",1,2208,"5x",3,"9025","PET",94.94,-0.13,1.34,2.44,11.7,NA,NA,NA,NA,NA,NA,NA,NA,NA,"fullSpectrum"
"sa22073.06",1,2208,"5x",2,"9006","TPU",96.1,-0.04,0.7,1.28,7.4,NA,NA,NA,NA,NA,NA,NA,NA,NA,"fullSpectrum"
"sa22076.05",1,2208,"5x",1,"9013","PET",95.57,-0.17,1.12,1.99,4.3,0.0926899,0.0888,0.0190699,0.0148017,1213.61,1720.67,2930.55,3331.36,NA,"fullSpectrum"
"sa22079.07",1,2208,"5x",3,"9013","TPU",96.08,-0.05,0.65,1.18,6.4,NA,NA,NA,NA,NA,NA,NA,NA,NA,"fullSpectrum"
"sa22087.13",1,2208,"5x",4,"PURE","PET",94.82,-0.16,1.22,2.2,5.9,NA,NA,NA,NA,NA,NA,NA,NA,NA,"fullSpectrum"
"sa22070.08",1,2208,"5x",4,"9006","PET",95.28,-0.16,1.19,2.14,7.2,NA,NA,NA,NA,NA,NA,NA,NA,NA,"fullSpectrum"
"sa22082.01",1,2208,"5x",2,"9025","PET",95.35,-0.15,1.18,2.12,6.9,NA,NA,NA,NA,NA,NA,NA,NA,NA,"fullSpectrum"
"sa22085.08",1,2208,"5x",4,"9025","TPU",96.2,-0.02,0.64,1.19,7.7,NA,NA,NA,NA,NA,NA,NA,NA,NA,"fullSpectrum"
"sa22079.08",1,2208,"5x",4,"9013","TPU",96.13,-0.03,0.77,1.42,7.7,NA,NA,NA,NA,NA,NA,NA,NA,NA,"fullSpectrum"
"sa22087.12",1,2208,"5x",3,"PURE","PET",94.94,-0.17,1.21,2.17,4.2,NA,NA,NA,NA,NA,NA,NA,NA,NA,"fullSpectrum"
"sa22076.06",1,2208,"5x",2,"9013","PET",95.51,-0.18,1.12,1.98,4.6,NA,NA,NA,NA,NA,NA,NA,NA,NA,"fullSpectrum"
"sa22076.07",1,2208,"5x",3,"9013","PET",95.35,-0.16,1.16,2.08,5.9,NA,NA,NA,NA,NA,NA,NA,NA,NA,"fullSpectrum"
"sa22079.05",1,2208,"5x",1,"9013","TPU",95.73,-0.03,0.73,1.35,9.7,0.336155,0.495865,0.0955777,0.0664329,1249.03,1718.81,2928.69,3363.05,NA,"fullSpectrum"
"sa22073.05",1,2208,"5x",1,"9006","TPU",96.04,-0.01,0.71,1.32,7.9,0.28315,0.510183,0.0695706,0.0550827,1213.61,1718.81,2924.96,3387.28,NA,"fullSpectrum"
"sa22089.12",1,2208,"5x",3,"PURE","TPU",95.58,0.01,0.93,1.77,9.8,NA,NA,NA,NA,NA,NA,NA,NA,NA,"fullSpectrum"
"sa22082.00",1,2208,"5x",1,"9025","PET",95.33,-0.17,1.2,2.14,9.6,0.0863067,0.0840582,0.0215221,0.0162465,1213.61,1718.81,2932.42,3348.14,NA,"fullSpectrum"
"sa22076.08",1,2208,"5x",4,"9013","PET",95.21,-0.16,1.28,2.3,9.4,NA,NA,NA,NA,NA,NA,NA,NA,NA,"fullSpectrum"
"sa22089.13",1,2208,"5x",4,"PURE","TPU",96.04,-0.02,0.75,1.39,7.4,NA,NA,NA,NA,NA,NA,NA,NA,NA,"fullSpectrum"
"sa22087.10",1,2208,"5x",1,"PURE","PET",95,-0.17,1.21,2.16,3.5,0.151638,0.110644,0.0214508,0.0213716,1237.84,1713.22,2917.5,3329.49,NA,"fullSpectrum"
"sa22089.10",1,2208,"5x",1,"PURE","TPU",95.94,-0.02,0.79,1.46,9,0.394641,0.403127,0.178856,0.0652662,1226.66,1687.12,2923.09,3322.04,NA,"fullSpectrum"
"sa22087.11",1,2208,"5x",2,"PURE","PET",94.86,-0.16,1.2,2.16,4.2,NA,NA,NA,NA,NA,NA,NA,NA,NA,"fullSpectrum"
"sa22089.11",1,2208,"5x",2,"PURE","TPU",96.16,-0.06,0.75,1.37,7.1,NA,NA,NA,NA,NA,NA,NA,NA,NA,"fullSpectrum"
"sa22085.06",1,2208,"5x",2,"9025","TPU",96.25,-0.02,0.61,1.13,6.4,NA,NA,NA,NA,NA,NA,NA,NA,NA,"fullSpectrum"
"sa22085.05",1,2208,"5x",1,"9025","TPU",96.07,-0.01,0.68,1.26,8.2,0.262766,0.402572,0.0882213,0.0560796,1237.84,1718.81,2923.09,3383.56,NA,"fullSpectrum"
"sa22085.07",1,2208,"5x",3,"9025","TPU",95.8,0,0.7,1.32,10.1,NA,NA,NA,NA,NA,NA,NA,NA,NA,"fullSpectrum"
"sa22082.01",2,4224,"5x",2,"9025","PET",95.2,-0.18,1.33,2.39,7.6,NA,NA,NA,NA,NA,NA,NA,NA,NA,"fullSpectrum"
"sa22070.07",2,4224,"5x",3,"9006","PET",95.47,-0.19,1.17,2.08,5.4,NA,NA,NA,NA,NA,NA,NA,NA,NA,"fullSpectrum"
"sa22079.06",2,4224,"5x",2,"9013","TPU",95.92,-0.03,0.79,1.46,6.7,NA,NA,NA,NA,NA,NA,NA,NA,NA,"fullSpectrum"
"sa22085.06",2,4224,"5x",2,"9025","TPU",96.11,-0.01,0.8,1.49,7.1,NA,NA,NA,NA,NA,NA,NA,NA,NA,"fullSpectrum"
"sa22079.08",2,4224,"5x",4,"9013","TPU",96.1,-0.03,0.82,1.52,6.4,NA,NA,NA,NA,NA,NA,NA,NA,NA,"fullSpectrum"
"sa22085.07",2,4224,"5x",3,"9025","TPU",95.88,-0.01,0.8,1.5,9.8,NA,NA,NA,NA,NA,NA,NA,NA,NA,"fullSpectrum"
"sa22079.07",2,4224,"5x",3,"9013","TPU",96.08,-0.03,0.76,1.41,5.9,NA,NA,NA,NA,NA,NA,NA,NA,NA,"fullSpectrum"
"sa22087.12",2,4224,"5x",3,"PURE","PET",94.84,-0.2,1.27,2.26,5.8,NA,NA,NA,NA,NA,NA,NA,NA,NA,"fullSpectrum"
"sa22073.08",2,4224,"5x",4,"9006","TPU",96.02,-0.02,0.82,1.52,7,NA,NA,NA,NA,NA,NA,NA,NA,NA,"fullSpectrum"
"sa22087.11",2,4224,"5x",2,"PURE","PET",94.87,-0.19,1.31,2.35,4.4,NA,NA,NA,NA,NA,NA,NA,NA,NA,"fullSpectrum"
"sa22085.08",2,4224,"5x",4,"9025","TPU",96.11,-0.01,0.8,1.5,6.9,NA,NA,NA,NA,NA,NA,NA,NA,NA,"fullSpectrum"
"sa22087.13",2,4224,"5x",4,"PURE","PET",94.92,-0.19,1.28,2.29,4.2,NA,NA,NA,NA,NA,NA,NA,NA,NA,"fullSpectrum"
"sa22082.02",2,4224,"5x",3,"9025","PET",95.41,-0.19,1.31,2.34,5.9,NA,NA,NA,NA,NA,NA,NA,NA,NA,"fullSpectrum"
"sa22070.06",2,4224,"5x",2,"9006","PET",94.88,-0.22,1.27,2.25,5.3,NA,NA,NA,NA,NA,NA,NA,NA,NA,"fullSpectrum"
"sa22089.11",2,4224,"5x",2,"PURE","TPU",95.08,0.03,1.11,2.14,13.2,NA,NA,NA,NA,NA,NA,NA,NA,NA,"fullSpectrum"
"sa22076.08",2,4224,"5x",4,"9013","PET",95.51,-0.19,1.23,2.18,4.1,NA,NA,NA,NA,NA,NA,NA,NA,NA,"fullSpectrum"
"sa22076.07",2,4224,"5x",3,"9013","PET",95.35,-0.2,1.29,2.3,4.6,NA,NA,NA,NA,NA,NA,NA,NA,NA,"fullSpectrum"
"sa22089.12",2,4224,"5x",3,"PURE","TPU",95.12,0.04,1.03,2,13.3,NA,NA,NA,NA,NA,NA,NA,NA,NA,"fullSpectrum"
"sa22073.06",2,4224,"5x",2,"9006","TPU",94.63,0,0.81,1.55,6.5,NA,NA,NA,NA,NA,NA,NA,NA,NA,"fullSpectrum"
"sa22070.08",2,4224,"5x",4,"9006","PET",95.2,-0.18,1.29,2.32,7.4,NA,NA,NA,NA,NA,NA,NA,NA,NA,"fullSpectrum"
"sa22076.06",2,4224,"5x",2,"9013","PET",95.28,-0.19,1.3,2.32,5.7,NA,NA,NA,NA,NA,NA,NA,NA,NA,"fullSpectrum"
"sa22070.07",3,10296,"5x",3,"9006","PET",94.49,-0.16,1.66,3.05,24.9,0.408523,0.36235,0.0572042,0.0487351,1213.61,1733.72,NA,NA,NA,"fullSpectrum"
"sa22079.07",3,10296,"5x",3,"9013","TPU",95.33,-0.01,1.07,2.02,10.1,0.457856,0.484965,0.087569,0.0802105,1213.61,1737.45,NA,NA,NA,"fullSpectrum"
"sa22070.08",3,10296,"5x",4,"9006","PET",95.1,-0.24,1.46,2.6,5.4,0.201384,0.185673,0.0391993,0.0312192,1213.61,1737.45,NA,NA,NA,"fullSpectrum"
"sa22073.08",3,10296,"5x",4,"9006","TPU",95.4,0,0.99,1.87,7.9,0.439285,0.501018,0.110011,0.0568976,1213.61,1737.45,NA,NA,NA,"fullSpectrum"
"sa22087.13",3,10296,"5x",4,"PURE","PET",94.35,-0.17,1.86,3.42,23.6,0.289612,0.258279,0.0448623,0.0387563,1213.61,1735.59,NA,NA,NA,"fullSpectrum"
"sa22087.12",3,10296,"5x",3,"PURE","PET",94.6,-0.2,1.73,3.14,17,0.315616,0.271697,0.0361,0.0332833,1213.61,1733.72,NA,NA,NA,"fullSpectrum"
"sa22082.02",3,10296,"5x",3,"9025","PET",94.81,-0.22,1.62,2.92,7,0.22762,0.202432,0.0498103,0.0335854,1213.61,1737.45,NA,NA,NA,"fullSpectrum"
"sa22076.08",3,10296,"5x",4,"9013","PET",95.17,-0.25,1.46,2.58,5,0.245575,0.223374,0.0486909,0.0401099,1213.61,1737.45,NA,NA,NA,"fullSpectrum"
"sa22076.07",3,10296,"5x",3,"9013","PET",94.87,-0.22,1.54,2.77,6.1,0.230183,0.196535,0.0437831,0.0341474,1213.61,1737.45,NA,NA,NA,"fullSpectrum"
"sa22082.03",3,10296,"5x",4,"9025","PET",95.07,-0.27,1.52,2.68,4.6,0.25446,0.225529,0.0557828,0.0376856,1213.61,1737.45,NA,NA,NA,"fullSpectrum"
"sa22089.12",3,10296,"5x",3,"PURE","TPU",94.4,0.08,1.65,3.22,11.6,0.416805,0.42524,0.189067,0.0817689,1213.61,1737.45,NA,NA,NA,"fullSpectrum"
"sa22079.08",3,10296,"5x",4,"9013","TPU",95.24,-0.02,1.23,2.33,9.8,0.433152,0.456719,0.0866304,0.0743799,1213.61,1737.45,NA,NA,NA,"fullSpectrum"
"sa22085.07",3,10296,"5x",3,"9025","TPU",95.8,-0.03,0.94,1.76,7.9,0.420014,0.41549,0.186885,0.0654654,1213.61,1737.45,NA,NA,NA,"fullSpectrum"
"sa22089.13",3,10296,"5x",4,"PURE","TPU",93.88,0.09,1.87,3.66,11.5,0.412552,0.422053,0.188666,0.0791795,1213.61,1737.45,NA,NA,NA,"fullSpectrum"
"sa22073.07",3,10296,"5x",3,"9006","TPU",94.83,0.02,1.31,2.51,7.8,0.408365,0.421967,0.182609,0.0739708,1213.61,1737.45,NA,NA,NA,"fullSpectrum"
"sa22085.08",3,10296,"5x",4,"9025","TPU",95.72,-0.01,0.92,1.73,8.6,0.386227,0.429098,0.106534,0.0658496,1213.61,1737.45,NA,NA,NA,"fullSpectrum"
"sa22068.07",0,0,"ASTMG154",2,"9006","PET",95.79,-0.18,0.97,1.69,3,NA,NA,NA,NA,NA,NA,NA,NA,0,"uva340"
"sa22083.08",0,0,"ASTMG154",3,"9025","TPU",96.81,-0.05,0.38,0.66,3.1,NA,NA,NA,NA,NA,NA,NA,NA,0,"uva340"
"sa22080.06",0,0,"ASTMG154",1,"9025","PET",95.73,-0.18,0.95,1.66,5.1,NA,NA,NA,NA,NA,NA,NA,NA,0,"uva340"
"sa22083.09",0,0,"ASTMG154",4,"9025","TPU",96.86,-0.03,0.32,0.57,1.3,NA,NA,NA,NA,NA,NA,NA,NA,0,"uva340"
"sa22077.08",0,0,"ASTMG154",3,"9013","TPU",96.69,-0.11,0.24,0.34,1.9,NA,NA,NA,NA,NA,NA,NA,NA,0,"uva340"
"sa22080.07",0,0,"ASTMG154",2,"9025","PET",95.8,-0.19,0.93,1.62,1.9,NA,NA,NA,NA,NA,NA,NA,NA,0,"uva340"
"sa22077.07",0,0,"ASTMG154",2,"9013","TPU",96.76,-0.05,0.37,0.65,3,NA,NA,NA,NA,NA,NA,NA,NA,0,"uva340"
"sa22071.06",0,0,"ASTMG154",1,"9006","TPU",96.74,-0.03,0.42,0.76,2.6,NA,NA,NA,NA,NA,NA,NA,NA,0,"uva340"
"sa22071.08",0,0,"ASTMG154",3,"9006","TPU",96.8,-0.05,0.34,0.58,2.1,NA,NA,NA,NA,NA,NA,NA,NA,0,"uva340"
"sa22068.09",0,0,"ASTMG154",4,"9006","PET",95.8,-0.18,0.96,1.68,1.6,NA,NA,NA,NA,NA,NA,NA,NA,0,"uva340"
"sa22088.09",0,0,"ASTMG154",4,"PURE","TPU",96.78,-0.02,0.32,0.56,2,NA,NA,NA,NA,NA,NA,NA,NA,0,"uva340"
"sa22074.07",0,0,"ASTMG154",2,"9013","PET",95.8,-0.17,0.96,1.68,1.3,NA,NA,NA,NA,NA,NA,NA,NA,0,"uva340"
"sa22068.06",0,0,"ASTMG154",1,"9006","PET",95.82,-0.17,0.95,1.66,1.7,NA,NA,NA,NA,NA,NA,NA,NA,0,"uva340"
"sa22074.06",0,0,"ASTMG154",1,"9013","PET",95.84,-0.16,0.94,1.65,1.1,NA,NA,NA,NA,NA,NA,NA,NA,0,"uva340"
"sa22088.10",0,0,"ASTMG154",4,"PURE","TPU",96.7,-0.02,0.36,0.64,3.4,NA,NA,NA,NA,NA,NA,NA,NA,0,"uva340"
"sa22080.08",0,0,"ASTMG154",3,"9025","PET",95.76,-0.19,0.95,1.65,2.9,NA,NA,NA,NA,NA,NA,NA,NA,0,"uva340"
"sa22086.08",0,0,"ASTMG154",3,"PURE","PET",95.06,-0.17,1.04,1.84,1.1,NA,NA,NA,NA,NA,NA,NA,NA,0,"uva340"
"sa22086.10",0,0,"ASTMG154",4,"PURE","PET",94.98,-0.17,1.03,1.83,2.1,NA,NA,NA,NA,NA,NA,NA,NA,0,"uva340"
"sa22083.07",0,0,"ASTMG154",2,"9025","TPU",96.7,-0.03,0.39,0.69,6.3,NA,NA,NA,NA,NA,NA,NA,NA,0,"uva340"
"sa22071.07",0,0,"ASTMG154",2,"9006","TPU",96.74,-0.02,0.35,0.62,3.2,NA,NA,NA,NA,NA,NA,NA,NA,0,"uva340"
"sa22074.09",0,0,"ASTMG154",4,"9013","PET",95.84,-0.21,0.96,1.65,0.9,NA,NA,NA,NA,NA,NA,NA,NA,0,"uva340"
"sa22075.00",0,0,"ASTMG154",4,"9013","PET",95.83,-0.16,0.95,1.66,1.2,NA,NA,NA,NA,NA,NA,NA,NA,0,"uva340"
"sa22080.10",0,0,"ASTMG154",4,"9025","PET",95.82,-0.18,0.96,1.67,1.5,NA,NA,NA,NA,NA,NA,NA,NA,0,"uva340"
"sa22068.08",0,0,"ASTMG154",3,"9006","PET",95.79,-0.18,0.96,1.68,1.7,NA,NA,NA,NA,NA,NA,NA,NA,0,"uva340"
"sa22069.00",0,0,"ASTMG154",4,"9006","PET",95.82,-0.17,0.96,1.67,1.4,NA,NA,NA,NA,NA,NA,NA,NA,0,"uva340"
"sa22084.00",0,0,"ASTMG154",4,"9025","TPU",96.79,-0.03,0.33,0.59,2.1,NA,NA,NA,NA,NA,NA,NA,NA,0,"uva340"
"sa22071.09",0,0,"ASTMG154",4,"9006","TPU",96.82,-0.03,0.3,0.53,1.5,NA,NA,NA,NA,NA,NA,NA,NA,0,"uva340"
"sa22088.06",0,0,"ASTMG154",1,"PURE","TPU",96.79,-0.02,0.31,0.55,2.1,NA,NA,NA,NA,NA,NA,NA,NA,0,"uva340"
"sa22086.07",0,0,"ASTMG154",2,"PURE","PET",95.08,-0.16,1.03,1.83,1.2,NA,NA,NA,NA,NA,NA,NA,NA,0,"uva340"
"sa22088.07",0,0,"ASTMG154",2,"PURE","TPU",96.74,-0.03,0.32,0.56,2.6,NA,NA,NA,NA,NA,NA,NA,NA,0,"uva340"
"sa22088.08",0,0,"ASTMG154",3,"PURE","TPU",96.76,-0.04,0.33,0.58,3.1,NA,NA,NA,NA,NA,NA,NA,NA,0,"uva340"
"sa22072.00",0,0,"ASTMG154",4,"9006","TPU",96.73,-0.04,0.36,0.62,1.8,NA,NA,NA,NA,NA,NA,NA,NA,0,"uva340"
"sa22083.06",0,0,"ASTMG154",1,"9025","TPU",96.78,-0.02,0.36,0.64,3.4,NA,NA,NA,NA,NA,NA,NA,NA,0,"uva340"
"sa22078.00",0,0,"ASTMG154",4,"9013","TPU",96.75,-0.05,0.38,0.65,3.6,NA,NA,NA,NA,NA,NA,NA,NA,0,"uva340"
"sa22086.09",0,0,"ASTMG154",4,"PURE","PET",95.06,-0.17,1.04,1.84,1.1,NA,NA,NA,NA,NA,NA,NA,NA,0,"uva340"
"sa22080.09",0,0,"ASTMG154",4,"9025","PET",95.82,-0.19,0.95,1.65,1.3,NA,NA,NA,NA,NA,NA,NA,NA,0,"uva340"
"sa22077.06",0,0,"ASTMG154",1,"9013","TPU",96.78,-0.03,0.35,0.63,2.4,NA,NA,NA,NA,NA,NA,NA,NA,0,"uva340"
"sa22074.08",0,0,"ASTMG154",3,"9013","PET",95.78,-0.18,0.98,1.71,2.1,NA,NA,NA,NA,NA,NA,NA,NA,0,"uva340"
"sa22086.06",0,0,"ASTMG154",1,"PURE","PET",95.05,-0.16,1.03,1.84,1.1,NA,NA,NA,NA,NA,NA,NA,NA,0,"uva340"
"sa22086.08",1,981,"ASTMG154",3,"PURE","PET",94,-0.37,1.67,2.93,19.8,NA,NA,NA,NA,NA,NA,NA,NA,142.8009,"uva340"
"sa22088.10",1,981,"ASTMG154",4,"PURE","TPU",96.57,-0.04,0.52,0.94,5.1,NA,NA,NA,NA,NA,NA,NA,NA,142.8009,"uva340"
"sa22088.09",1,981,"ASTMG154",4,"PURE","TPU",96.5,-0.04,0.57,1.03,5.2,NA,NA,NA,NA,NA,NA,NA,NA,142.8009,"uva340"
"sa22080.07",1,981,"ASTMG154",2,"9025","PET",95.81,-0.38,1.37,2.29,1.8,NA,NA,NA,NA,NA,NA,NA,NA,142.8009,"uva340"
"sa22068.09",1,981,"ASTMG154",4,"9006","PET",95.69,-0.25,1.14,1.96,5.3,NA,NA,NA,NA,NA,NA,NA,NA,142.8009,"uva340"
"sa22080.09",1,981,"ASTMG154",4,"9025","PET",95.42,-0.53,1.45,2.34,10.8,NA,NA,NA,NA,NA,NA,NA,NA,142.8009,"uva340"
"sa22071.08",1,981,"ASTMG154",3,"9006","TPU",96.61,-0.03,0.49,0.89,2.6,NA,NA,NA,NA,NA,NA,NA,NA,142.8009,"uva340"
"sa22075.00",1,981,"ASTMG154",4,"9013","PET",95.15,-0.24,1.76,3.16,22.7,NA,NA,NA,NA,NA,NA,NA,NA,142.8009,"uva340"
"sa22069.00",1,981,"ASTMG154",4,"9006","PET",95.68,-0.34,1.32,2.23,2.4,NA,NA,NA,NA,NA,NA,NA,NA,142.8009,"uva340"
"sa22083.09",1,981,"ASTMG154",4,"9025","TPU",96.59,-0.04,0.65,1.17,5.8,NA,NA,NA,NA,NA,NA,NA,NA,142.8009,"uva340"
"sa22077.06",1,981,"ASTMG154",1,"9013","TPU",96.23,-0.04,0.83,1.53,12.1,0.370565,0.478793,0.0973356,0.0957006,1213.61,1718.81,2924.96,3364.91,142.8009,"uva340"
"sa22077.07",1,981,"ASTMG154",2,"9013","TPU",96.25,-0.06,0.85,1.55,8.4,NA,NA,NA,NA,NA,NA,NA,NA,142.8009,"uva340"
"sa22071.07",1,981,"ASTMG154",2,"9006","TPU",96.53,-0.04,0.53,0.95,6.7,NA,NA,NA,NA,NA,NA,NA,NA,142.8009,"uva340"
"sa22071.06",1,981,"ASTMG154",1,"9006","TPU",96.36,-0.03,0.58,1.07,7.8,0.404812,0.413087,0.177733,0.0537841,1226.66,1713.22,2924.96,3322.04,142.8009,"uva340"
"sa22080.06",1,981,"ASTMG154",1,"9025","PET",96.06,-0.28,1.58,2.77,6.8,0.0943826,0.0821264,0.0147849,0.0103812,1213.61,1698.3,2924.96,3335.09,142.8009,"uva340"
"sa22077.08",1,981,"ASTMG154",3,"9013","TPU",96.56,-0.07,0.73,1.3,1.5,NA,NA,NA,NA,NA,NA,NA,NA,142.8009,"uva340"
"sa22068.08",1,981,"ASTMG154",3,"9006","PET",95.62,-0.35,1.38,2.34,3.9,NA,NA,NA,NA,NA,NA,NA,NA,142.8009,"uva340"
"sa22072.00",1,981,"ASTMG154",4,"9006","TPU",96.01,0.01,0.83,1.57,24.5,NA,NA,NA,NA,NA,NA,NA,NA,142.8009,"uva340"
"sa22074.07",1,981,"ASTMG154",2,"9013","PET",95.57,-0.32,1.29,2.2,2.6,NA,NA,NA,NA,NA,NA,NA,NA,142.8009,"uva340"
"sa22077.09",1,981,"ASTMG154",4,"9013","TPU",96.04,-0.04,0.85,1.58,12.5,NA,NA,NA,NA,NA,NA,NA,NA,142.8009,"uva340"
"sa22088.06",1,981,"ASTMG154",1,"PURE","TPU",96.04,0.09,1.25,2.42,43.9,0.407415,0.406536,0.179206,0.0536714,1226.66,1713.22,2924.96,3323.9,142.8009,"uva340"
"sa22088.07",1,981,"ASTMG154",2,"PURE","TPU",96.59,-0.04,0.5,0.9,4,NA,NA,NA,NA,NA,NA,NA,NA,142.8009,"uva340"
"sa22071.09",1,981,"ASTMG154",4,"9006","TPU",96.1,-0.02,0.75,1.4,18.9,NA,NA,NA,NA,NA,NA,NA,NA,142.8009,"uva340"
"sa22078.00",1,981,"ASTMG154",4,"9013","TPU",96.3,-0.07,0.86,1.56,5.6,NA,NA,NA,NA,NA,NA,NA,NA,142.8009,"uva340"
"sa22074.06",1,981,"ASTMG154",1,"9013","PET",95.63,-0.34,1.33,2.25,2,0.10596,0.104939,0.0156611,0.0134922,1213.61,1713.22,2924.96,3387.28,142.8009,"uva340"
"sa22068.07",1,981,"ASTMG154",2,"9006","PET",95.56,-0.35,1.36,2.3,4.6,NA,NA,NA,NA,NA,NA,NA,NA,142.8009,"uva340"
"sa22074.09",1,981,"ASTMG154",4,"9013","PET",95.72,-0.31,1.2,2.04,3.3,NA,NA,NA,NA,NA,NA,NA,NA,142.8009,"uva340"
"sa22086.10",1,981,"ASTMG154",4,"PURE","PET",95.42,-0.34,1.74,3.04,20.4,NA,NA,NA,NA,NA,NA,NA,NA,142.8009,"uva340"
"sa22074.08",1,981,"ASTMG154",3,"9013","PET",96.8,-0.42,1.52,2.54,5.6,NA,NA,NA,NA,NA,NA,NA,NA,142.8009,"uva340"
"sa22083.08",1,981,"ASTMG154",3,"9025","TPU",96.3,-0.05,0.91,1.67,11.4,NA,NA,NA,NA,NA,NA,NA,NA,142.8009,"uva340"
"sa22083.07",1,981,"ASTMG154",2,"9025","TPU",96.14,-0.05,0.98,1.8,15.6,NA,NA,NA,NA,NA,NA,NA,NA,142.8009,"uva340"
"sa22080.10",1,981,"ASTMG154",4,"9025","PET",95.87,-0.36,1.33,2.23,2.7,NA,NA,NA,NA,NA,NA,NA,NA,142.8009,"uva340"
"sa22088.08",1,981,"ASTMG154",3,"PURE","TPU",96.6,-0.04,0.63,1.15,3.7,NA,NA,NA,NA,NA,NA,NA,NA,142.8009,"uva340"
"sa22083.06",1,981,"ASTMG154",1,"9025","TPU",96.3,-0.04,0.67,1.23,11.6,0.34648,0.401096,0.114532,0.0652968,1226.66,1716.94,2924.96,3387.28,142.8009,"uva340"
"sa22086.07",1,981,"ASTMG154",2,"PURE","PET",92.95,-0.29,1.92,3.5,38.9,NA,NA,NA,NA,NA,NA,NA,NA,142.8009,"uva340"
"sa22084.00",1,981,"ASTMG154",4,"9025","TPU",96.58,-0.06,0.73,1.32,2.7,NA,NA,NA,NA,NA,NA,NA,NA,142.8009,"uva340"
"sa22086.09",1,981,"ASTMG154",4,"PURE","PET",94.58,-0.3,1.85,3.3,28.1,NA,NA,NA,NA,NA,NA,NA,NA,142.8009,"uva340"
"sa22068.06",1,981,"ASTMG154",1,"9006","PET",94.99,-0.44,1.63,2.77,5.9,0.0791372,0.082908,0.0163887,0.0127219,1213.61,1713.22,2917.5,3385.42,142.8009,"uva340"
"sa22086.06",1,981,"ASTMG154",1,"PURE","PET",91.99,-0.35,1.81,3.27,42.5,0.297625,0.246551,0.0418918,0.0344119,1245.3,1715.08,2915.64,3335.09,142.8009,"uva340"
"sa22071.08",2,2112,"ASTMG154",3,"9006","TPU",96.6,0,0.46,0.86,4.3,NA,NA,NA,NA,NA,NA,NA,NA,307.436800000001,"uva340"
"sa22080.07",2,2112,"ASTMG154",2,"9025","PET",92.42,-0.59,4.06,7.38,63.1,0.108809,0.0904739,0.0242075,0.0190103,1239.71,1715.08,2915.64,3357.46,307.436800000001,"uva340"
"sa22080.09",2,2112,"ASTMG154",4,"9025","PET",92.77,-0.28,2.23,4.11,47.2,NA,NA,NA,NA,NA,NA,NA,NA,307.436800000001,"uva340"
"sa22075.00",2,2112,"ASTMG154",4,"9013","PET",94.87,-0.3,2.11,3.78,26.6,NA,NA,NA,NA,NA,NA,NA,NA,307.436800000001,"uva340"
"sa22083.07",2,2112,"ASTMG154",2,"9025","TPU",94.84,-0.01,0.96,1.81,36,0.409842,0.414535,0.184714,0.0577055,1226.66,1715.08,2921.23,3320.17,307.436800000001,"uva340"
"sa22071.07",2,2112,"ASTMG154",2,"9006","TPU",96.35,-0.01,0.62,1.16,12.8,0.403426,0.412703,0.18251,0.0619794,1226.66,1715.08,2921.23,3322.04,307.436800000001,"uva340"
"sa22080.07",2,2112,"ASTMG154",2,"9025","PET",92.42,-0.59,4.06,7.38,63.1,0.108809,0.0904739,0.0242075,0.0190103,1239.71,1715.08,2915.64,3357.46,307.436800000001,"uva340"
"sa22083.09",2,2112,"ASTMG154",4,"9025","TPU",95.94,0,0.73,1.37,25.7,NA,NA,NA,NA,NA,NA,NA,NA,307.436800000001,"uva340"
"sa22071.07",2,2112,"ASTMG154",2,"9006","TPU",96.35,-0.01,0.62,1.16,12.8,0.403426,0.412703,0.18251,0.0619794,1226.66,1715.08,2921.23,3322.04,307.436800000001,"uva340"
"sa22083.07",2,2112,"ASTMG154",2,"9025","TPU",94.84,-0.01,0.96,1.81,36,0.409842,0.414535,0.184714,0.0577055,1226.66,1715.08,2921.23,3320.17,307.436800000001,"uva340"
"sa22077.07",2,2112,"ASTMG154",2,"9013","TPU",95.96,-0.09,1.02,1.85,15,0.37428,0.475067,0.114138,0.0884013,1224.79,1718.81,2921.23,3357.46,307.436800000001,"uva340"
"sa22074.08",2,2112,"ASTMG154",3,"9013","PET",95.76,-0.74,2.43,4.01,17.3,NA,NA,NA,NA,NA,NA,NA,NA,307.436800000001,"uva340"
"sa22068.09",2,2112,"ASTMG154",4,"9006","PET",92.33,-0.39,3.31,6.11,53.6,NA,NA,NA,NA,NA,NA,NA,NA,307.436800000001,"uva340"
"sa22069.00",2,2112,"ASTMG154",4,"9006","PET",94.69,-0.44,1.73,2.95,15.1,NA,NA,NA,NA,NA,NA,NA,NA,307.436800000001,"uva340"
"sa22086.07",2,2112,"ASTMG154",2,"PURE","PET",90.36,-0.53,2.46,4.44,78.2,0.0840442,0.0719075,0.0202542,0.0172633,1247.16,1715.08,2915.64,3377.96,307.436800000001,"uva340"
"sa22086.10",2,2112,"ASTMG154",4,"PURE","PET",90.57,-0.6,2.45,4.37,69,NA,NA,NA,NA,NA,NA,NA,NA,307.436800000001,"uva340"
"sa22068.07",2,2112,"ASTMG154",2,"9006","PET",94.75,-0.34,1.65,2.88,13.1,0.137535,0.15956,0.0358406,0.030881,1213.61,1709.49,2917.5,3357.46,307.436800000001,"uva340"
"sa22086.08",2,2112,"ASTMG154",3,"PURE","PET",89.38,-0.54,2.75,5.05,76.5,NA,NA,NA,NA,NA,NA,NA,NA,307.436800000001,"uva340"
"sa22088.10",2,2112,"ASTMG154",4,"PURE","TPU",96.56,-0.04,0.64,1.16,6.8,NA,NA,NA,NA,NA,NA,NA,NA,307.436800000001,"uva340"
"sa22071.09",2,2112,"ASTMG154",4,"9006","TPU",96.1,0.02,0.66,1.25,18.3,NA,NA,NA,NA,NA,NA,NA,NA,307.436800000001,"uva340"
"sa22068.08",2,2112,"ASTMG154",3,"9006","PET",93.1,-0.49,2.17,3.8,27,NA,NA,NA,NA,NA,NA,NA,NA,307.436800000001,"uva340"
"sa22086.09",2,2112,"ASTMG154",4,"PURE","PET",85.67,-0.83,7.85,15.12,95.9,NA,NA,NA,NA,NA,NA,NA,NA,307.436800000001,"uva340"
"sa22077.08",2,2112,"ASTMG154",3,"9013","TPU",96.35,-0.06,0.73,1.32,8.5,NA,NA,NA,NA,NA,NA,NA,NA,307.436800000001,"uva340"
"sa22080.10",2,2112,"ASTMG154",4,"9025","PET",96.74,-0.39,1.6,2.7,8.7,NA,NA,NA,NA,NA,NA,NA,NA,307.436800000001,"uva340"
"sa22074.09",2,2112,"ASTMG154",4,"9013","PET",95.13,-0.33,1.61,2.81,15.8,NA,NA,NA,NA,NA,NA,NA,NA,307.436800000001,"uva340"
"sa22083.08",2,2112,"ASTMG154",3,"9025","TPU",95.86,-0.02,0.71,1.33,15.1,NA,NA,NA,NA,NA,NA,NA,NA,307.436800000001,"uva340"
"sa22077.09",2,2112,"ASTMG154",4,"9013","TPU",96.25,-0.03,0.78,1.45,12.2,NA,NA,NA,NA,NA,NA,NA,NA,307.436800000001,"uva340"
"sa22074.07",2,2112,"ASTMG154",2,"9013","PET",95.68,-0.11,1.52,2.8,7,0.152948,0.141505,0.031353,0.0281091,1219.2,1709.49,2915.64,3357.46,307.436800000001,"uva340"
"sa22078.00",2,2112,"ASTMG154",4,"9013","TPU",96.53,-0.05,0.73,1.33,7.2,NA,NA,NA,NA,NA,NA,NA,NA,307.436800000001,"uva340"
"sa22088.09",2,2112,"ASTMG154",4,"PURE","TPU",95.85,0,0.5,0.95,9.8,NA,NA,NA,NA,NA,NA,NA,NA,307.436800000001,"uva340"
"sa22088.08",2,2112,"ASTMG154",3,"PURE","TPU",96.37,0.01,0.57,1.07,12.2,NA,NA,NA,NA,NA,NA,NA,NA,307.436800000001,"uva340"
"sa22086.07",2,2112,"ASTMG154",2,"PURE","PET",90.36,-0.53,2.46,4.44,78.2,0.0840442,0.0719075,0.0202542,0.0172633,1247.16,1715.08,2915.64,3377.96,307.436800000001,"uva340"
"sa22077.07",2,2112,"ASTMG154",2,"9013","TPU",95.96,-0.09,1.02,1.85,15,0.37428,0.475067,0.114138,0.0884013,1224.79,1718.81,2921.23,3357.46,307.436800000001,"uva340"
"sa22068.07",2,2112,"ASTMG154",2,"9006","PET",94.75,-0.34,1.65,2.88,13.1,0.137535,0.15956,0.0358406,0.030881,1213.61,1709.49,2917.5,3357.46,307.436800000001,"uva340"
"sa22074.07",2,2112,"ASTMG154",2,"9013","PET",95.68,-0.11,1.52,2.8,7,0.152948,0.141505,0.031353,0.0281091,1219.2,1709.49,2915.64,3357.46,307.436800000001,"uva340"
"sa22075.00",3,4125,"ASTMG154",4,"9013","PET",91.38,-0.34,2.62,4.87,69.1,0.0972859,0.0840595,0.0158383,0.00959489,1249.03,1716.94,2913.77,3316.44,600.462500000001,"uva340"
"sa22086.09",3,4125,"ASTMG154",4,"PURE","PET",90.35,-0.5,3,5.52,88.8,0.153275,0.104296,0.014066,0.011427,1241.57,1716.94,2919.37,3336.95,600.462500000001,"uva340"
"sa22078.00",3,4125,"ASTMG154",4,"9013","TPU",96.31,0,0.59,1.1,9,0.418494,0.438142,0.180492,0.0496615,1226.66,1713.22,2928.69,3323.9,600.462500000001,"uva340"
"sa22080.09",3,4125,"ASTMG154",4,"9025","PET",91.95,-0.42,2.44,4.45,63.8,0.203372,0.149448,0.0251121,0.0213009,1239.71,1716.94,2906.32,3323.9,600.462500000001,"uva340"
"sa22071.09",3,4125,"ASTMG154",4,"9006","TPU",95.8,0.06,0.56,1.1,20.8,0.397263,0.411559,0.17234,0.0571514,1226.66,1713.22,2926.82,3322.04,600.462500000001,"uva340"
"sa22069.00",3,4125,"ASTMG154",4,"9006","PET",91.53,-0.42,2.11,3.82,68.6,0.110263,0.0767376,0.00908733,0.0054826,1237.84,1702.03,2908.18,3316.44,600.462500000001,"uva340"
"sa22077.08",3,4125,"ASTMG154",3,"9013","TPU",95.76,0.03,0.69,1.32,23.1,0.387336,0.411998,0.162601,0.0495136,1226.66,1715.08,2923.09,3318.31,600.462500000001,"uva340"
"sa22068.08",3,4125,"ASTMG154",3,"9006","PET",90.19,-0.46,3.55,6.64,75.2,0.0541219,0.0350259,0.00417758,0.00256993,1234.11,1702.03,2906.32,3322.04,600.462500000001,"uva340"
"sa22074.08",3,4125,"ASTMG154",3,"9013","PET",92.28,-0.4,2.34,4.25,68.6,0.174439,0.121231,0.0148021,0.015115,1237.84,1713.22,2898.86,3385.42,600.462500000001,"uva340"
"sa22080.08",3,4125,"ASTMG154",3,"9025","PET",91.32,-0.43,2.61,4.78,75.1,0.16209,0.115356,0.013422,0.011943,1237.84,1711.35,2908.18,3383.56,600.462500000001,"uva340"
"sa22071.08",3,4125,"ASTMG154",3,"9006","TPU",95.95,-0.08,0.87,1.57,11.5,0.390929,0.422269,0.160445,0.0591069,1228.52,1713.22,2926.82,3322.04,600.462500000001,"uva340"
"sa22084.00",3,4125,"ASTMG154",4,"9025","TPU",94.37,0.02,0.89,1.72,44,0.312155,0.347752,0.127959,0.0398635,1226.66,1718.81,2924.96,3333.22,600.462500000001,"uva340"
"sa22068.09",3,4125,"ASTMG154",4,"9006","PET",90.68,-0.5,4.15,7.74,68.5,0.0549233,0.0710103,0.015296,0.00669936,1249.03,1685.25,2898.86,3335.09,600.462500000001,"uva340"
"sa22088.08",3,4125,"ASTMG154",3,"PURE","TPU",96.25,0.02,0.45,0.86,10.5,0.404172,0.432451,0.176236,0.0561053,1228.52,1713.22,2923.09,3323.9,600.462500000001,"uva340"
"sa22083.08",3,4125,"ASTMG154",3,"9025","TPU",95.83,0,0.56,1.06,10.1,0.427362,0.443093,0.185805,0.0553638,1226.66,1713.22,2926.82,3318.31,600.462500000001,"uva340"
"sa22080.10",3,4125,"ASTMG154",4,"9025","PET",92.44,-0.36,2.41,4.4,55,0.25682,0.204069,0.0308487,0.0238642,1241.57,1716.94,2906.32,3318.31,600.462500000001,"uva340"
"sa22086.10",3,4125,"ASTMG154",4,"PURE","PET",91.84,-0.42,2.16,3.9,86.4,0.266161,0.191522,0.0208884,0.0185634,1237.84,1716.94,2908.18,3314.58,600.462500000001,"uva340"
"sa22083.09",3,4125,"ASTMG154",4,"9025","TPU",96.31,0.01,0.52,0.97,14.3,0.394968,0.429527,0.165059,0.0576191,1228.52,1715.08,2926.82,3322.04,600.462500000001,"uva340"
"sa22077.09",3,4125,"ASTMG154",4,"9013","TPU",95.91,-0.07,1.01,1.86,14.5,0.419937,0.443737,0.182769,0.0510244,1226.66,1715.08,2924.96,3320.17,600.462500000001,"uva340"
"sa22086.08",3,4125,"ASTMG154",3,"PURE","PET",91.37,-0.35,2.48,4.58,90.5,0.227462,0.168615,0.016838,0.0125783,1237.84,1713.22,2906.32,3387.28,600.462500000001,"uva340"
"sa22088.10",3,4125,"ASTMG154",4,"PURE","TPU",96.03,0.04,0.43,0.82,9.8,0.411372,0.427503,0.178451,0.0520715,1226.66,1713.22,2923.09,3322.04,600.462500000001,"uva340"
"sa22068.09",4,9403,"ASTMG154",4,"9006","PET",89.07,-0.35,2.77,5.27,89.4,0.0844219,0.0777099,0.0201752,0.0175487,1213.61,1737.45,NA,NA,1368.76336666667,"uva340"
"sa22080.09",4,9403,"ASTMG154",4,"9025","PET",89.51,-0.36,3.12,5.92,92.4,NA,NA,NA,NA,NA,NA,NA,NA,1368.76336666667,"uva340"
"sa22086.09",4,9403,"ASTMG154",4,"PURE","PET",89.44,-0.44,2.93,5.5,92.3,0.0725303,0.0683884,0.0157676,0.0142109,1213.61,1733.72,NA,NA,1368.76336666667,"uva340"
"sa22080.10",4,9403,"ASTMG154",4,"9025","PET",91.95,-0.33,2.08,3.81,88.5,NA,NA,NA,NA,NA,NA,NA,NA,1368.76336666667,"uva340"
"sa22086.10",4,9403,"ASTMG154",4,"PURE","PET",92.01,-0.31,2.01,3.67,89.9,0.0611372,0.0577303,0.0142015,0.0128523,1213.61,1737.45,NA,NA,1368.76336666667,"uva340"
"sa22074.09",4,9403,"ASTMG154",4,"9013","PET",91.09,-0.43,2.27,4.13,88.5,0.0831852,0.0750852,0.0184062,0.01547,1213.61,1728.13,NA,NA,1368.76336666667,"uva340"
"sa22069.00",4,9403,"ASTMG154",4,"9006","PET",87.89,-0.51,3.23,6.1,93.4,0.0739823,0.0684368,0.0175512,0.0158134,1213.61,1735.59,NA,NA,1368.76336666667,"uva340"
"sa22075.00",4,9403,"ASTMG154",4,"9013","PET",91.96,-0.35,2.26,4.14,85.4,0.077157,0.070198,0.0162783,0.0138755,1213.61,1733.72,NA,NA,1368.76336666667,"uva340"
"sa22084.08",0,0,"ASTMG155",3,"9025","TPU",96.83,-0.02,0.35,0.63,2.6,NA,NA,NA,NA,NA,NA,NA,NA,0,"uva340"
"sa22080.17",0,0,"ASTMG155",2,"9025","PET",95.82,-0.18,0.95,1.65,1.2,NA,NA,NA,NA,NA,NA,NA,NA,0,"uva340"
"sa22089.03",0,0,"ASTMG155",3,"PURE","TPU",96.75,-0.03,0.34,0.6,3,NA,NA,NA,NA,NA,NA,NA,NA,0,"uva340"
"sa22078.07",0,0,"ASTMG155",2,"9013","TPU",96.82,-0.03,0.33,0.59,2.3,NA,NA,NA,NA,NA,NA,NA,NA,0,"uva340"
"sa22087.03",0,0,"ASTMG155",3,"PURE","PET",95.06,-0.18,1.04,1.84,1.2,NA,NA,NA,NA,NA,NA,NA,NA,0,"uva340"
"sa22072.07",0,0,"ASTMG155",2,"9006","TPU",96.79,-0.03,0.33,0.58,1.4,NA,NA,NA,NA,NA,NA,NA,NA,0,"uva340"
"sa22072.06",0,0,"ASTMG155",1,"9006","TPU",96.7,-0.04,0.37,0.65,2.8,NA,NA,NA,NA,NA,NA,NA,NA,0,"uva340"
"sa22069.06",0,0,"ASTMG155",1,"9006","PET",95.8,-0.18,0.93,1.62,1.9,NA,NA,NA,NA,NA,NA,NA,NA,0,"uva340"
"sa22084.07",0,0,"ASTMG155",2,"9025","TPU",96.82,-0.04,0.32,0.56,2.2,NA,NA,NA,NA,NA,NA,NA,NA,0,"uva340"
"sa22084.06",0,0,"ASTMG155",1,"9025","TPU",96.8,-0.03,0.36,0.64,2.8,NA,NA,NA,NA,NA,NA,NA,NA,0,"uva340"
"sa22070.00",0,0,"ASTMG155",4,"9006","PET",95.79,-0.2,0.95,1.64,3.4,NA,NA,NA,NA,NA,NA,NA,NA,0,"uva340"
"sa22078.06",0,0,"ASTMG155",1,"9013","TPU",96.78,-0.03,0.35,0.61,1.6,NA,NA,NA,NA,NA,NA,NA,NA,0,"uva340"
"sa22087.01",0,0,"ASTMG155",1,"PURE","PET",95.1,-0.19,1.03,1.82,1.2,NA,NA,NA,NA,NA,NA,NA,NA,0,"uva340"
"sa22085.00",0,0,"ASTMG155",4,"9025","TPU",96.79,-0.03,0.35,0.63,2.5,NA,NA,NA,NA,NA,NA,NA,NA,0,"uva340"
"sa22080.18",0,0,"ASTMG155",3,"9025","PET",95.78,-0.18,0.97,1.7,3,NA,NA,NA,NA,NA,NA,NA,NA,0,"uva340"
"sa22075.06",0,0,"ASTMG155",1,"9013","PET",95.76,-0.18,0.97,1.71,1.6,NA,NA,NA,NA,NA,NA,NA,NA,0,"uva340"
"sa22075.07",0,0,"ASTMG155",2,"9013","PET",95.83,-0.24,0.96,1.63,2.4,NA,NA,NA,NA,NA,NA,NA,NA,0,"uva340"
"sa22087.02",0,0,"ASTMG155",2,"PURE","PET",95.11,-0.16,1.01,1.8,1.4,NA,NA,NA,NA,NA,NA,NA,NA,0,"uva340"
"sa22087.05",0,0,"ASTMG155",4,"PURE","PET",95.09,-0.18,1.03,1.82,1.4,NA,NA,NA,NA,NA,NA,NA,NA,0,"uva340"
"sa22076.00",0,0,"ASTMG155",4,"9013","PET",95.83,-0.04,0.92,1.71,1.1,NA,NA,NA,NA,NA,NA,NA,NA,0,"uva340"
"sa22079.00",0,0,"ASTMG155",4,"9013","TPU",96.8,-0.03,0.34,0.61,2.3,NA,NA,NA,NA,NA,NA,NA,NA,0,"uva340"
"sa22069.07",0,0,"ASTMG155",2,"9006","PET",95.8,-0.18,0.93,1.62,1.4,NA,NA,NA,NA,NA,NA,NA,NA,0,"uva340"
"sa22084.09",0,0,"ASTMG155",4,"9025","TPU",96.82,-0.03,0.34,0.61,2.2,NA,NA,NA,NA,NA,NA,NA,NA,0,"uva340"
"sa22072.08",0,0,"ASTMG155",3,"9006","TPU",96.76,-0.05,0.37,0.64,2.7,NA,NA,NA,NA,NA,NA,NA,NA,0,"uva340"
"sa22080.16",0,0,"ASTMG155",1,"9025","PET",95.81,-0.19,0.95,1.65,1.6,NA,NA,NA,NA,NA,NA,NA,NA,0,"uva340"
"sa22075.09",0,0,"ASTMG155",4,"9013","PET",95.83,-0.23,0.96,1.63,1.3,NA,NA,NA,NA,NA,NA,NA,NA,0,"uva340"
"sa22072.09",0,0,"ASTMG155",4,"9006","TPU",96.74,-0.05,0.37,0.64,3.2,NA,NA,NA,NA,NA,NA,NA,NA,0,"uva340"
"sa22073.00",0,0,"ASTMG155",4,"9006","TPU",96.74,-0.05,0.37,0.64,2.6,NA,NA,NA,NA,NA,NA,NA,NA,0,"uva340"
"sa22078.09",0,0,"ASTMG155",4,"9013","TPU",96.76,-0.04,0.35,0.61,2.1,NA,NA,NA,NA,NA,NA,NA,NA,0,"uva340"
"sa22089.02",0,0,"ASTMG155",2,"PURE","TPU",96.76,-0.02,0.33,0.59,3.7,NA,NA,NA,NA,NA,NA,NA,NA,0,"uva340"
"sa22075.08",0,0,"ASTMG155",3,"9013","PET",95.84,-0.17,0.93,1.63,1.3,NA,NA,NA,NA,NA,NA,NA,NA,0,"uva340"
"sa22069.09",0,0,"ASTMG155",4,"9006","PET",95.84,-0.2,0.91,1.57,1.2,NA,NA,NA,NA,NA,NA,NA,NA,0,"uva340"
"sa22087.04",0,0,"ASTMG155",4,"PURE","PET",95.08,-0.17,1.03,1.82,1.6,NA,NA,NA,NA,NA,NA,NA,NA,0,"uva340"
"sa22089.04",0,0,"ASTMG155",4,"PURE","TPU",96.73,-0.03,0.33,0.59,3.7,NA,NA,NA,NA,NA,NA,NA,NA,0,"uva340"
"sa22078.08",0,0,"ASTMG155",3,"9013","TPU",96.78,-0.05,0.37,0.65,2.2,NA,NA,NA,NA,NA,NA,NA,NA,0,"uva340"
"sa22081.00",0,0,"ASTMG155",4,"9025","PET",95.8,-0.17,0.94,1.65,1.5,NA,NA,NA,NA,NA,NA,NA,NA,0,"uva340"
"sa22069.08",0,0,"ASTMG155",3,"9006","PET",95.83,-0.18,0.93,1.62,1.3,NA,NA,NA,NA,NA,NA,NA,NA,0,"uva340"
"sa22089.01",0,0,"ASTMG155",1,"PURE","TPU",96.79,-0.04,0.33,0.57,2.2,NA,NA,NA,NA,NA,NA,NA,NA,0,"uva340"
"sa22089.05",0,0,"ASTMG155",4,"PURE","TPU",96.61,-0.03,0.37,0.66,5,NA,NA,NA,NA,NA,NA,NA,NA,0,"uva340"
"sa22078.07",1,1086,"ASTMG155",2,"9013","TPU",96.59,-0.06,0.41,0.72,3.6,NA,NA,NA,NA,NA,NA,NA,NA,101.88852,"uva340"
"sa22070.00",1,1086,"ASTMG155",4,"9006","PET",94.21,-0.44,1.66,2.84,37.2,NA,NA,NA,NA,NA,NA,NA,NA,101.88852,"uva340"
"sa22089.03",1,1086,"ASTMG155",3,"PURE","TPU",96.64,-0.03,0.36,0.64,4.5,NA,NA,NA,NA,NA,NA,NA,NA,101.88852,"uva340"
"sa22072.06",1,1086,"ASTMG155",1,"9006","TPU",95.64,-0.03,0.46,0.84,14.6,0.386921,0.408111,0.160294,0.0507494,1226.66,1716.94,2924.96,3335.09,101.88852,"uva340"
"sa22084.07",1,1086,"ASTMG155",2,"9025","TPU",96.39,-0.04,0.58,1.06,13.9,NA,NA,NA,NA,NA,NA,NA,NA,101.88852,"uva340"
"sa22075.06",1,1086,"ASTMG155",1,"9013","PET",95.88,-0.44,1.54,2.57,1.8,0.189606,0.165073,0.0297913,0.0257895,1215.47,1707.62,2917.5,3335.09,101.88852,"uva340"
"sa22085.00",1,1086,"ASTMG155",4,"9025","TPU",96.6,-0.04,0.45,0.79,4.5,NA,NA,NA,NA,NA,NA,NA,NA,101.88852,"uva340"
"sa22087.03",1,1086,"ASTMG155",3,"PURE","PET",95.07,-0.25,1.21,2.11,3.9,NA,NA,NA,NA,NA,NA,NA,NA,101.88852,"uva340"
"sa22084.06",1,1086,"ASTMG155",1,"9025","TPU",95.81,-0.03,0.57,1.04,15.6,0.325327,0.422475,0.0971932,0.0696517,1222.93,1718.81,2924.96,3385.42,101.88852,"uva340"
"sa22078.06",1,1086,"ASTMG155",1,"9013","TPU",96.5,-0.05,0.39,0.68,4.6,0.388982,0.482453,0.0981857,0.0953901,1213.61,1716.94,2924.96,3364.91,101.88852,"uva340"
"sa22084.08",1,1086,"ASTMG155",3,"9025","TPU",96.33,-0.06,0.57,1.02,17.5,NA,NA,NA,NA,NA,NA,NA,NA,101.88852,"uva340"
"sa22087.04",1,1086,"ASTMG155",4,"PURE","PET",95.12,-0.26,1.25,2.18,5.7,NA,NA,NA,NA,NA,NA,NA,NA,101.88852,"uva340"
"sa22079.00",1,1086,"ASTMG155",4,"9013","TPU",96.5,-0.07,0.42,0.72,3.9,NA,NA,NA,NA,NA,NA,NA,NA,101.88852,"uva340"
"sa22087.01",1,1086,"ASTMG155",1,"PURE","PET",95.09,-0.27,1.27,2.21,7.2,0.242254,0.19474,0.0367478,0.0286374,1241.57,1716.94,2917.5,3335.09,101.88852,"uva340"
"sa22084.09",1,1086,"ASTMG155",4,"9025","TPU",96.59,-0.04,0.4,0.71,4.9,NA,NA,NA,NA,NA,NA,NA,NA,101.88852,"uva340"
"sa22069.06",1,1086,"ASTMG155",1,"9006","PET",94.94,-0.22,1.45,2.6,36.3,0.148843,0.130934,0.0246722,0.0211559,1213.61,1713.22,2924.96,3383.56,101.88852,"uva340"
"sa22080.16",1,1086,"ASTMG155",1,"9025","PET",94.84,-0.14,1.55,2.85,32.8,0.152442,0.138222,0.0284032,0.0188449,1215.47,1698.3,2917.5,3385.42,101.88852,"uva340"
"sa22080.17",1,1086,"ASTMG155",2,"9025","PET",93.87,-0.18,1.65,3.04,51.7,NA,NA,NA,NA,NA,NA,NA,NA,101.88852,"uva340"
"sa22075.07",1,1086,"ASTMG155",2,"9013","PET",95.63,-0.37,1.06,1.71,2,NA,NA,NA,NA,NA,NA,NA,NA,101.88852,"uva340"
"sa22072.09",1,1086,"ASTMG155",4,"9006","TPU",96.26,-0.03,0.5,0.91,18.5,NA,NA,NA,NA,NA,NA,NA,NA,101.88852,"uva340"
"sa22089.05",1,1086,"ASTMG155",4,"PURE","TPU",96.55,-0.02,0.39,0.71,6.8,NA,NA,NA,NA,NA,NA,NA,NA,101.88852,"uva340"
"sa22069.07",1,1086,"ASTMG155",2,"9006","PET",93.18,-0.41,1.47,2.53,23.3,NA,NA,NA,NA,NA,NA,NA,NA,101.88852,"uva340"
"sa22078.08",1,1086,"ASTMG155",3,"9013","TPU",96.38,-0.04,0.43,0.76,7.6,NA,NA,NA,NA,NA,NA,NA,NA,101.88852,"uva340"
"sa22073.00",1,1086,"ASTMG155",4,"9006","TPU",96.19,-0.05,0.5,0.9,19.2,NA,NA,NA,NA,NA,NA,NA,NA,101.88852,"uva340"
"sa22072.07",1,1086,"ASTMG155",2,"9006","TPU",95.75,-0.03,0.54,0.99,15.6,NA,NA,NA,NA,NA,NA,NA,NA,101.88852,"uva340"
"sa22089.04",1,1086,"ASTMG155",4,"PURE","TPU",96.72,-0.04,0.36,0.63,3,NA,NA,NA,NA,NA,NA,NA,NA,101.88852,"uva340"
"sa22089.01",1,1086,"ASTMG155",1,"PURE","TPU",96.71,-0.03,0.33,0.59,3.1,0.409823,0.404889,0.182133,0.0541837,1226.66,1715.08,2924.96,3323.9,101.88852,"uva340"
"sa22069.09",1,1086,"ASTMG155",4,"9006","PET",95.6,-0.52,0.98,1.46,5.6,NA,NA,NA,NA,NA,NA,NA,NA,101.88852,"uva340"
"sa22072.08",1,1086,"ASTMG155",3,"9006","TPU",95.76,-0.07,0.58,1.04,14.9,NA,NA,NA,NA,NA,NA,NA,NA,101.88852,"uva340"
"sa22087.02",1,1086,"ASTMG155",2,"PURE","PET",95.13,-0.26,1.2,2.08,2.5,NA,NA,NA,NA,NA,NA,NA,NA,101.88852,"uva340"
"sa22069.08",1,1086,"ASTMG155",3,"9006","PET",93.7,-0.39,1.5,2.58,23.7,NA,NA,NA,NA,NA,NA,NA,NA,101.88852,"uva340"
"sa22089.02",1,1086,"ASTMG155",2,"PURE","TPU",96.57,-0.02,0.38,0.68,5.6,NA,NA,NA,NA,NA,NA,NA,NA,101.88852,"uva340"
"sa22080.18",1,1086,"ASTMG155",3,"9025","PET",95.84,-0.17,1.14,2.02,5.1,NA,NA,NA,NA,NA,NA,NA,NA,101.88852,"uva340"
"sa22075.08",1,1086,"ASTMG155",3,"9013","PET",95.14,0.09,1.06,2.08,2.3,NA,NA,NA,NA,NA,NA,NA,NA,101.88852,"uva340"
"sa22080.19",1,1086,"ASTMG155",4,"9025","PET",95.98,-0.28,1.13,1.92,4.3,NA,NA,NA,NA,NA,NA,NA,NA,101.88852,"uva340"
"sa22075.09",1,1086,"ASTMG155",4,"9013","PET",95.45,-0.09,1.16,2.13,8.5,NA,NA,NA,NA,NA,NA,NA,NA,101.88852,"uva340"
"sa22078.09",1,1086,"ASTMG155",4,"9013","TPU",96.64,-0.05,0.37,0.64,2.8,NA,NA,NA,NA,NA,NA,NA,NA,101.88852,"uva340"
"sa22087.05",1,1086,"ASTMG155",4,"PURE","PET",95.14,-0.28,1.23,2.12,4.5,NA,NA,NA,NA,NA,NA,NA,NA,101.88852,"uva340"
"sa22089.03",2,2177,"ASTMG155",3,"PURE","TPU",96.44,0.01,0.39,0.73,8.5,NA,NA,NA,NA,NA,NA,NA,NA,204.24614,"uva340"
"sa22084.07",2,2177,"ASTMG155",2,"9025","TPU",96.36,-0.02,0.52,0.95,10.3,0.356462,0.388092,0.126384,0.0538496,1226.66,1716.94,2921.23,3340.68,204.24614,"uva340"
"sa22078.07",2,2177,"ASTMG155",2,"9013","TPU",96.45,-0.02,0.45,0.82,9.1,0.349797,0.460277,0.0844208,0.0945159,1213.61,1709.49,2924.96,3383.56,204.24614,"uva340"
"sa22075.09",2,2177,"ASTMG155",4,"9013","PET",95.26,-0.68,1.54,2.4,10.3,NA,NA,NA,NA,NA,NA,NA,NA,204.24614,"uva340"
"sa22084.09",2,2177,"ASTMG155",4,"9025","TPU",96.5,-0.01,0.41,0.76,10.5,NA,NA,NA,NA,NA,NA,NA,NA,204.24614,"uva340"
"sa22069.07",2,2177,"ASTMG155",2,"9006","PET",92.67,-0.36,1.77,3.16,60.2,0.12215,0.0850245,0.0154404,0.0160901,1237.84,1713.22,2913.77,3381.69,204.24614,"uva340"
"sa22080.17",2,2177,"ASTMG155",2,"9025","PET",91.66,-0.36,2.04,3.72,52,0.148093,0.105182,0.0205176,0.0183119,1237.84,1713.22,2917.5,3381.69,204.24614,"uva340"
"sa22089.02",2,2177,"ASTMG155",2,"PURE","TPU",96.52,0,0.39,0.72,8.6,0.412497,0.415613,0.176654,0.0559074,1228.52,1713.22,2924.96,3327.63,204.24614,"uva340"
"sa22084.07",2,2177,"ASTMG155",2,"9025","TPU",96.36,-0.02,0.52,0.95,10.3,0.356462,0.388092,0.126384,0.0538496,1226.66,1716.94,2921.23,3340.68,204.24614,"uva340"
"sa22070.00",2,2177,"ASTMG155",4,"9006","PET",90.48,-0.34,2.16,4,86.9,NA,NA,NA,NA,NA,NA,NA,NA,204.24614,"uva340"
"sa22078.09",2,2177,"ASTMG155",4,"9013","TPU",96.52,-0.01,0.42,0.77,5,NA,NA,NA,NA,NA,NA,NA,NA,204.24614,"uva340"
"sa22079.00",2,2177,"ASTMG155",4,"9013","TPU",96.03,-0.02,0.5,0.92,16.5,NA,NA,NA,NA,NA,NA,NA,NA,204.24614,"uva340"
"sa22073.00",2,2177,"ASTMG155",4,"9006","TPU",96.21,0,0.49,0.92,32.1,NA,NA,NA,NA,NA,NA,NA,NA,204.24614,"uva340"
"sa22078.07",2,2177,"ASTMG155",2,"9013","TPU",96.45,-0.02,0.45,0.82,9.1,0.349797,0.460277,0.0844208,0.0945159,1213.61,1709.49,2924.96,3383.56,204.24614,"uva340"
"sa22075.07",2,2177,"ASTMG155",2,"9013","PET",90.37,-0.41,1.77,3.19,68.7,0.129161,0.0943946,0.0154243,0.0119579,1237.84,1713.22,2915.64,3327.63,204.24614,"uva340"
"sa22072.07",2,2177,"ASTMG155",2,"9006","TPU",96.21,0.01,0.51,0.96,16.1,0.35481,0.443193,0.0996335,0.0710389,1224.79,1718.81,2921.23,3383.56,204.24614,"uva340"
"sa22078.08",2,2177,"ASTMG155",3,"9013","TPU",96.28,-0.01,0.47,0.86,14.4,NA,NA,NA,NA,NA,NA,NA,NA,204.24614,"uva340"
"sa22089.04",2,2177,"ASTMG155",4,"PURE","TPU",96.28,0.01,0.42,0.8,10.7,NA,NA,NA,NA,NA,NA,NA,NA,204.24614,"uva340"
"sa22084.08",2,2177,"ASTMG155",3,"9025","TPU",96.42,-0.01,0.51,0.94,9.8,NA,NA,NA,NA,NA,NA,NA,NA,204.24614,"uva340"
"sa22087.02",2,2177,"ASTMG155",2,"PURE","PET",93.36,-0.35,1.8,3.19,45.3,0.155994,0.118837,0.021425,0.0161708,1237.84,1713.22,2915.64,3327.63,204.24614,"uva340"
"sa22080.17",2,2177,"ASTMG155",2,"9025","PET",91.66,-0.36,2.04,3.72,52,0.148093,0.105182,0.0205176,0.0183119,1237.84,1713.22,2917.5,3381.69,204.24614,"uva340"
"sa22072.09",2,2177,"ASTMG155",4,"9006","TPU",96.16,-0.02,0.52,0.96,18.3,NA,NA,NA,NA,NA,NA,NA,NA,204.24614,"uva340"
"sa22085.00",2,2177,"ASTMG155",4,"9025","TPU",96.44,-0.03,0.48,0.88,8.2,NA,NA,NA,NA,NA,NA,NA,NA,204.24614,"uva340"
"sa22072.08",2,2177,"ASTMG155",3,"9006","TPU",96.02,-0.01,0.53,0.98,14.4,NA,NA,NA,NA,NA,NA,NA,NA,204.24614,"uva340"
"sa22069.07",2,2177,"ASTMG155",2,"9006","PET",92.67,-0.36,1.77,3.16,60.2,0.12215,0.0850245,0.0154404,0.0160901,1237.84,1713.22,2913.77,3381.69,204.24614,"uva340"
"sa22080.18",2,2177,"ASTMG155",3,"9025","PET",90.73,-0.46,1.9,3.38,55.8,NA,NA,NA,NA,NA,NA,NA,NA,204.24614,"uva340"
"sa22075.08",2,2177,"ASTMG155",3,"9013","PET",91.1,-0.46,1.73,3.05,57.2,NA,NA,NA,NA,NA,NA,NA,NA,204.24614,"uva340"
"sa22089.02",2,2177,"ASTMG155",2,"PURE","TPU",96.52,0,0.39,0.72,8.6,0.412497,0.415613,0.176654,0.0559074,1228.52,1713.22,2924.96,3327.63,204.24614,"uva340"
"sa22087.04",2,2177,"ASTMG155",4,"PURE","PET",93.58,-0.36,1.76,3.11,41.6,NA,NA,NA,NA,NA,NA,NA,NA,204.24614,"uva340"
"sa22080.19",2,2177,"ASTMG155",4,"9025","PET",91.23,-0.4,1.73,3.08,62,NA,NA,NA,NA,NA,NA,NA,NA,204.24614,"uva340"
"sa22072.07",2,2177,"ASTMG155",2,"9006","TPU",96.21,0.01,0.51,0.96,16.1,0.35481,0.443193,0.0996335,0.0710389,1224.79,1718.81,2921.23,3383.56,204.24614,"uva340"
"sa22087.03",2,2177,"ASTMG155",3,"PURE","PET",94.66,-0.34,1.6,2.8,14.9,NA,NA,NA,NA,NA,NA,NA,NA,204.24614,"uva340"
"sa22087.05",2,2177,"ASTMG155",4,"PURE","PET",93.48,-0.35,1.84,3.28,32.9,NA,NA,NA,NA,NA,NA,NA,NA,204.24614,"uva340"
"sa22076.00",2,2177,"ASTMG155",4,"9013","PET",93.9,-0.28,1.55,2.76,36,NA,NA,NA,NA,NA,NA,NA,NA,204.24614,"uva340"
"sa22087.02",2,2177,"ASTMG155",2,"PURE","PET",93.36,-0.35,1.8,3.19,45.3,0.155994,0.118837,0.021425,0.0161708,1237.84,1713.22,2915.64,3327.63,204.24614,"uva340"
"sa22089.05",2,2177,"ASTMG155",4,"PURE","TPU",96.46,0,0.41,0.75,6.8,NA,NA,NA,NA,NA,NA,NA,NA,204.24614,"uva340"
"sa22069.09",2,2177,"ASTMG155",4,"9006","PET",91.47,-0.4,1.86,3.34,81,NA,NA,NA,NA,NA,NA,NA,NA,204.24614,"uva340"
"sa22069.08",2,2177,"ASTMG155",3,"9006","PET",92.53,-0.33,1.8,3.25,65.8,NA,NA,NA,NA,NA,NA,NA,NA,204.24614,"uva340"
"sa22075.07",2,2177,"ASTMG155",2,"9013","PET",90.37,-0.41,1.77,3.19,68.7,0.129161,0.0943946,0.0154243,0.0119579,1237.84,1713.22,2915.64,3327.63,204.24614,"uva340"
"sa22081.00",2,2177,"ASTMG155",4,"9025","PET",90.85,-0.42,1.74,3.09,57.6,NA,NA,NA,NA,NA,NA,NA,NA,204.24614,"uva340"
"sa22085.00",3,3797,"ASTMG155",4,"9025","TPU",96.37,-0.01,0.45,0.84,10.6,0.413266,0.423586,0.178917,0.0659131,1226.66,1715.08,2926.82,3325.77,356.23454,"uva340"
"sa22080.18",3,3797,"ASTMG155",3,"9025","PET",93.23,-0.28,1.72,3.1,73,0.292775,0.234848,0.0273342,0.0262182,1239.71,1716.94,2904.45,3379.83,356.23454,"uva340"
"sa22070.00",3,3797,"ASTMG155",4,"9006","PET",89.19,-0.31,2.64,5.04,93.1,0.0602386,0.0376795,0.00737493,0.0121988,1234.11,1702.03,2891.4,3379.83,356.23454,"uva340"
"sa22075.09",3,3797,"ASTMG155",4,"9013","PET",91.64,-0.51,1.96,3.44,91.5,0.0513457,0.0430408,0.00745423,0.00874066,1237.84,1716.94,2893.27,3372.37,356.23454,"uva340"
"sa22087.03",3,3797,"ASTMG155",3,"PURE","PET",91.14,-0.4,1.93,3.48,89.1,0.243403,0.207594,0.0305041,0.0279995,1243.43,1716.94,2906.32,3357.46,356.23454,"uva340"
"sa22089.05",3,3797,"ASTMG155",4,"PURE","TPU",96.51,0.02,0.29,0.55,5.8,0.421405,0.432665,0.183098,0.0595465,1226.66,1715.08,2926.82,3318.31,356.23454,"uva340"
"sa22079.00",3,3797,"ASTMG155",4,"9013","TPU",96.08,0.03,0.46,0.88,30.2,0.417823,0.427135,0.183153,0.077682,1226.66,1713.22,2928.69,3320.17,356.23454,"uva340"
"sa22076.00",3,3797,"ASTMG155",4,"9013","PET",93.76,-0.31,1.68,3,81.4,0.188815,0.15127,0.0204049,0.0227372,1239.71,1716.94,2906.32,3331.36,356.23454,"uva340"
"sa22078.08",3,3797,"ASTMG155",3,"9013","TPU",96.3,0.02,0.44,0.83,19,0.419562,0.43299,0.186469,0.0753217,1226.66,1715.08,2926.82,3322.04,356.23454,"uva340"
"sa22089.03",3,3797,"ASTMG155",3,"PURE","TPU",96.53,0.02,0.28,0.53,4.5,0.338773,0.33544,0.137282,0.0483936,1226.66,1716.94,2928.69,3331.36,356.23454,"uva340"
"sa22075.08",3,3797,"ASTMG155",3,"9013","PET",91.67,-0.39,1.8,3.22,74.3,0.253576,0.195725,0.0255785,0.0298484,1239.71,1716.94,2906.32,3379.83,356.23454,"uva340"
"sa22084.08",3,3797,"ASTMG155",3,"9025","TPU",96.23,0.02,0.47,0.89,17.4,0.357095,0.35502,0.14639,0.0547597,1226.66,1716.94,2924.96,3331.36,356.23454,"uva340"
"sa22087.04",3,3797,"ASTMG155",4,"PURE","PET",92.16,-0.34,1.78,3.21,87.5,0.288955,0.238537,0.0275521,0.0261193,1239.71,1716.94,2904.45,3387.28,356.23454,"uva340"
"sa22072.09",3,3797,"ASTMG155",4,"9006","TPU",96.03,0.01,0.46,0.86,19.8,0.419682,0.433416,0.184277,0.0706321,1228.52,1715.08,2928.69,3316.44,356.23454,"uva340"
"sa22084.09",3,3797,"ASTMG155",4,"9025","TPU",96.3,0.04,0.46,0.88,22,0.389563,0.39449,0.169388,0.0641121,1226.66,1715.08,2924.96,3331.36,356.23454,"uva340"
"sa22072.08",3,3797,"ASTMG155",3,"9006","TPU",96.02,-0.02,0.4,0.74,16.5,0.400543,0.403369,0.171839,0.0529435,1226.66,1713.22,2926.82,3327.63,356.23454,"uva340"
"sa22081.00",3,3797,"ASTMG155",4,"9025","PET",93.52,-0.26,1.76,3.19,72.1,0.179468,0.119059,0.0155064,0.0204926,1235.98,1707.62,2893.27,3385.42,356.23454,"uva340"
"sa22080.19",3,3797,"ASTMG155",4,"9025","PET",93.41,-0.29,1.65,2.96,75.5,0.301275,0.24082,0.028469,0.0276978,1239.71,1716.94,2904.45,3357.46,356.23454,"uva340"
"sa22078.09",3,3797,"ASTMG155",4,"9013","TPU",96.42,0.01,0.36,0.67,16.4,0.427454,0.439317,0.186511,0.0601994,1228.52,1713.22,2928.69,3318.31,356.23454,"uva340"
"sa22089.04",3,3797,"ASTMG155",4,"PURE","TPU",96.43,0.03,0.3,0.57,6.2,0.421189,0.433256,0.183951,0.0580238,1226.66,1716.94,2926.82,3331.36,356.23454,"uva340"
"sa22069.08",3,3797,"ASTMG155",3,"9006","PET",93.84,-0.28,1.75,3.14,88.1,0.0614182,0.0349558,0.00594895,0.0111807,1230.38,1702.03,2891.4,3379.83,356.23454,"uva340"
"sa22069.09",3,3797,"ASTMG155",4,"9006","PET",94.11,-0.31,1.71,3.04,87.2,0.156272,0.116736,0.0168891,0.0210575,1237.84,1713.22,2891.4,3357.46,356.23454,"uva340"
"sa22073.00",4,7513,"ASTMG155",4,"9006","TPU",96.25,0.06,0.35,0.7,22.3,0.325755,0.384388,0.123657,0.0531489,1213.61,1737.45,NA,NA,704.86966,"uva340"
"sa22072.09",4,7513,"ASTMG155",4,"9006","TPU",96.12,0.08,0.42,0.84,24.7,0.370355,0.435524,0.123639,0.05068,1213.61,1737.45,NA,NA,704.86966,"uva340"
"sa22085.00",4,7513,"ASTMG155",4,"9025","TPU",95.88,0.02,0.48,0.92,16.6,0.364034,0.422919,0.118322,0.0478392,1213.61,1737.45,NA,NA,704.86966,"uva340"
"sa22089.05",4,7513,"ASTMG155",4,"PURE","TPU",96.21,0.05,0.42,0.82,14.1,0.422488,0.462541,0.166914,0.06322,1213.61,1737.45,NA,NA,704.86966,"uva340"
"sa22076.00",4,7513,"ASTMG155",4,"9013","PET",92.43,-0.36,1.9,3.42,97.5,0.124513,0.115708,0.0266738,0.0257278,1213.61,1731.86,NA,NA,704.86966,"uva340"
"sa22078.09",4,7513,"ASTMG155",4,"9013","TPU",96.44,0.07,0.35,0.71,19.2,0.354044,0.417191,0.135807,0.0517439,1213.61,1737.45,NA,NA,704.86966,"uva340"
"sa22089.04",4,7513,"ASTMG155",4,"PURE","TPU",95.12,0.06,0.53,1.04,31.5,0.435093,0.468543,0.179556,0.0688309,1213.61,1737.45,NA,NA,704.86966,"uva340"
"sa22079.00",4,7513,"ASTMG155",4,"9013","TPU",96.23,0.07,0.35,0.71,19.4,0.366782,0.446773,0.132122,0.0520037,1213.61,1737.45,NA,NA,704.86966,"uva340"
"sa22087.04",4,7513,"ASTMG155",4,"PURE","PET",92.54,-0.36,1.88,3.38,97.1,0.14682,0.136927,0.0317743,0.0304056,1213.61,1735.59,NA,NA,704.86966,"uva340"
"sa22087.05",4,7513,"ASTMG155",4,"PURE","PET",92.81,-0.35,1.9,3.4,97,0.15291,0.137972,0.0327524,0.0302635,1213.61,1735.59,NA,NA,704.86966,"uva340"
"sa22080.19",4,7513,"ASTMG155",4,"9025","PET",92.68,-0.34,1.87,3.36,96.7,0.152513,0.140748,0.0293011,0.0275707,1213.61,1733.72,NA,NA,704.86966,"uva340"
"sa22075.09",4,7513,"ASTMG155",4,"9013","PET",89.63,-0.36,2.53,4.75,96.8,0.147879,0.13564,0.0323116,0.0307779,1215.47,1735.59,NA,NA,704.86966,"uva340"
"sa22084.09",4,7513,"ASTMG155",4,"9025","TPU",96.1,0.07,0.48,0.96,22.3,0.360102,0.422059,0.125605,0.0469857,1213.61,1737.45,NA,NA,704.86966,"uva340"
"sa22081.00",4,7513,"ASTMG155",4,"9025","PET",92.67,-0.34,1.89,3.41,96,0.169598,0.156675,0.0368102,0.0338192,1213.61,1735.59,NA,NA,704.86966,"uva340"
"sa22069.09",4,7513,"ASTMG155",4,"9006","PET",92.53,-0.34,1.94,3.51,97.4,0.156693,0.147629,0.0356064,0.0340305,1213.61,1737.45,NA,NA,704.86966,"uva340"
"sa22068.00",0,0,"baseline",0,"9006","PET",95.79,-0.18,0.96,1.68,1.4,0.0964853,0.14324,0.0269307,0.0118109,1213.61,1718.81,2919.37,3381.69,0,NA
"sa22068.00",0,0,"baseline",0,"9006","PET",95.72,-0.19,0.99,1.73,4.5,0.0964853,0.14324,0.0269307,0.0118109,1213.61,1718.81,2919.37,3381.69,0,NA
"sa22080.00",0,0,"baseline",0,"9025","PET",95.82,-0.18,0.95,1.66,3.4,0.108566,0.158774,0.0406168,0.0165725,1213.61,1718.81,2919.37,3385.42,0,NA
"sa22080.00",0,0,"baseline",0,"9025","PET",95.8,-0.18,0.94,1.64,1.8,0.108566,0.158774,0.0406168,0.0165725,1213.61,1718.81,2919.37,3385.42,0,NA
"sa22074.00",0,0,"baseline",0,"9013","PET",95.87,-0.17,0.94,1.65,4.2,0.169816,0.195273,0.0351857,0.0159337,1213.61,1720.67,2919.37,3385.42,0,NA
"sa22083.00",0,0,"baseline",0,"9025","TPU",96.83,-0.01,0.33,0.6,3.1,0.315726,0.45859,0.114944,0.037792,1228.52,1718.81,2919.37,3374.23,0,NA
"sa22082.04",0,0,"baseline",0,"9025","PET",95.78,-0.17,0.95,1.66,2.3,0.124365,0.15772,0.0387428,0.0173065,1213.61,1718.81,2919.37,3385.42,0,NA
"sa22082.04",0,0,"baseline",0,"9025","PET",95.75,-0.18,0.95,1.66,2.5,0.124365,0.15772,0.0387428,0.0173065,1213.61,1718.81,2919.37,3385.42,0,NA
"sa22083.00",0,0,"baseline",0,"9025","TPU",96.75,-0.05,0.33,0.57,1.9,0.315726,0.45859,0.114944,0.037792,1228.52,1718.81,2919.37,3374.23,0,NA
"sa22070.09",0,0,"baseline",0,"9006","PET",95.78,-0.19,0.98,1.69,3.4,0.139868,0.169284,0.0309484,0.0179647,1213.61,1720.67,2919.37,3385.42,0,NA
"sa22076.09",0,0,"baseline",0,"9013","PET",95.81,-0.17,0.96,1.68,2,0.139674,0.163469,0.0377992,0.0179046,1213.61,1718.81,2919.37,3385.42,0,NA
"sa22077.00",0,0,"baseline",0,"9013","TPU",96.6,-0.04,0.5,0.89,9.3,0.308423,0.515221,0.100162,0.0473693,1256.48,1718.81,2919.37,3385.42,0,NA
"sa22077.00",0,0,"baseline",0,"9013","TPU",96.77,-0.03,0.4,0.71,4.6,0.308423,0.515221,0.100162,0.0473693,1256.48,1718.81,2919.37,3385.42,0,NA
"sa22074.00",0,0,"baseline",0,"9013","PET",95.78,-0.18,0.97,1.69,1.9,0.169816,0.195273,0.0351857,0.0159337,1213.61,1720.67,2919.37,3385.42,0,NA
"sa22071.00",0,0,"baseline",0,"9006","TPU",96.71,-0.03,0.33,0.57,2.2,0.333976,0.580666,0.0927805,0.0372303,1213.61,1720.67,2917.5,3385.42,0,NA
"sa22071.00",0,0,"baseline",0,"9006","TPU",96.65,-0.03,0.36,0.65,3,0.333976,0.580666,0.0927805,0.0372303,1213.61,1720.67,2917.5,3385.42,0,NA
"sa22073.09",0,0,"baseline",0,"9006","TPU",96.65,-0.04,0.35,0.62,4.4,0.384478,0.454586,0.154209,0.042685,1226.66,1718.81,2924.96,3331.36,0,NA
"sa22087.14",0,0,"baseline",0,"PURE","PET",95.07,-0.18,1.03,1.82,1.1,0.349534,0.29621,0.039714,0.0261,1239.71,1715.08,2915.64,3323.9,0,NA
"sa22087.14",0,0,"baseline",0,"PURE","PET",95.12,-0.17,1.04,1.85,3.5,0.349534,0.29621,0.039714,0.0261,1239.71,1715.08,2915.64,3323.9,0,NA
"sa22089.14",0,0,"baseline",0,"PURE","TPU",96.88,-0.02,0.33,0.58,2.6,0.413345,0.437805,0.183956,0.0496257,1226.66,1687.12,2921.23,3323.9,0,NA
"sa22089.14",0,0,"baseline",0,"PURE","TPU",96.79,-0.03,0.32,0.56,1.2,0.413345,0.437805,0.183956,0.0496257,1226.66,1687.12,2921.23,3323.9,0,NA
"sa22073.09",0,0,"baseline",0,"9006","TPU",96.59,-0.02,0.4,0.72,3.8,0.384478,0.454586,0.154209,0.042685,1226.66,1718.81,2924.96,3331.36,0,NA
"sa22070.09",0,0,"baseline",0,"9006","PET",95.82,-0.18,0.93,1.62,1.6,0.139868,0.169284,0.0309484,0.0179647,1213.61,1720.67,2919.37,3385.42,0,NA
"sa22079.09",0,0,"baseline",0,"9013","TPU",96.7,-0.03,0.43,0.76,5.2,0.313634,0.527576,0.0951051,0.0481139,1252.75,1718.81,2921.23,3385.42,0,NA
"sa22079.09",0,0,"baseline",0,"9013","TPU",96.78,-0.04,0.36,0.63,3,0.313634,0.527576,0.0951051,0.0481139,1252.75,1718.81,2921.23,3385.42,0,NA
"sa22088.00",0,0,"baseline",0,"PURE","TPU",96.84,-0.01,0.32,0.58,2.1,0.410318,0.433058,0.180978,0.0499279,1226.66,1687.12,2921.23,3327.63,0,NA
"sa22086.00",0,0,"baseline",0,"PURE","PET",95.11,-0.18,1.03,1.82,1.9,0.352143,0.290115,0.0377964,0.0239992,1239.71,1715.08,2917.5,3385.42,0,NA
"sa22085.09",0,0,"baseline",0,"9025","TPU",96.75,-0.01,0.36,0.65,2.9,0.273216,0.480061,0.101762,0.036025,1235.98,1718.81,2917.5,3385.42,0,NA
"sa22076.09",0,0,"baseline",0,"9013","PET",95.87,-0.17,0.97,1.69,3,0.139674,0.163469,0.0377992,0.0179046,1213.61,1718.81,2919.37,3385.42,0,NA
"sa22085.09",0,0,"baseline",0,"9025","TPU",96.83,-0.04,0.34,0.59,1.6,0.273216,0.480061,0.101762,0.036025,1235.98,1718.81,2917.5,3385.42,0,NA
"sa22088.12",0,0,"HF",2,"PURE","TPU",96.78,-0.04,0.32,0.56,2.9,NA,NA,NA,NA,NA,NA,NA,NA,NA,NA
"sa22078.04",0,0,"HF",4,"9013","TPU",96.78,-0.05,0.36,0.62,2.3,NA,NA,NA,NA,NA,NA,NA,NA,NA,NA
"sa22086.13",0,0,"HF",3,"PURE","PET",95.07,-0.19,1.04,1.83,1.1,NA,NA,NA,NA,NA,NA,NA,NA,NA,NA
"sa22084.01",0,0,"HF",1,"9025","TPU",96.78,-0.03,0.34,0.6,2.6,NA,NA,NA,NA,NA,NA,NA,NA,NA,NA
"sa22088.11",0,0,"HF",1,"PURE","TPU",96.83,-0.03,0.31,0.54,1.4,NA,NA,NA,NA,NA,NA,NA,NA,NA,NA
"sa22086.11",0,0,"HF",1,"PURE","PET",95.08,-0.17,1.02,1.81,1.2,NA,NA,NA,NA,NA,NA,NA,NA,NA,NA
"sa22072.01",0,0,"HF",1,"9006","TPU",96.71,-0.03,0.37,0.67,3.3,NA,NA,NA,NA,NA,NA,NA,NA,NA,NA
"sa22084.02",0,0,"HF",2,"9025","TPU",96.79,-0.04,0.33,0.57,2.6,NA,NA,NA,NA,NA,NA,NA,NA,NA,NA
"sa22086.12",0,0,"HF",2,"PURE","PET",95.07,-0.17,1.04,1.84,1.1,NA,NA,NA,NA,NA,NA,NA,NA,NA,NA
"sa22069.02",0,0,"HF",2,"9006","PET",95.86,-0.18,0.94,1.64,2.2,NA,NA,NA,NA,NA,NA,NA,NA,NA,NA
"sa22075.02",0,0,"HF",2,"9013","PET",95.82,-0.17,0.96,1.68,1.5,NA,NA,NA,NA,NA,NA,NA,NA,NA,NA
"sa22084.05",0,0,"HF",4,"9025","TPU",96.81,-0.03,0.35,0.61,3.3,NA,NA,NA,NA,NA,NA,NA,NA,NA,NA
"sa22072.04",0,0,"HF",4,"9006","TPU",96.78,-0.05,0.36,0.62,1.8,NA,NA,NA,NA,NA,NA,NA,NA,NA,NA
"sa22069.03",0,0,"HF",3,"9006","PET",95.82,-0.17,0.92,1.61,1.8,NA,NA,NA,NA,NA,NA,NA,NA,NA,NA
"sa22080.14",0,0,"HF",4,"9025","PET",95.8,-0.18,0.96,1.67,2.2,NA,NA,NA,NA,NA,NA,NA,NA,NA,NA
"sa22086.14",0,0,"HF",4,"PURE","PET",95.1,-0.18,1.02,1.81,1.2,NA,NA,NA,NA,NA,NA,NA,NA,NA,NA
"sa22088.13",0,0,"HF",3,"PURE","TPU",96.8,-0.03,0.32,0.56,2.5,NA,NA,NA,NA,NA,NA,NA,NA,NA,NA
"sa22080.11",0,0,"HF",1,"9025","PET",95.82,-0.18,0.95,1.65,2.5,NA,NA,NA,NA,NA,NA,NA,NA,NA,NA
"sa22084.03",0,0,"HF",3,"9025","TPU",96.81,-0.02,0.36,0.65,2.9,NA,NA,NA,NA,NA,NA,NA,NA,NA,NA
"sa22087.00",0,0,"HF",4,"PURE","PET",95.07,-0.17,1.03,1.84,1.1,NA,NA,NA,NA,NA,NA,NA,NA,NA,NA
"sa22078.03",0,0,"HF",3,"9013","TPU",96.8,-0.05,0.35,0.6,2.1,NA,NA,NA,NA,NA,NA,NA,NA,NA,NA
"sa22069.05",0,0,"HF",4,"9006","PET",95.81,-0.18,0.94,1.64,1.7,NA,NA,NA,NA,NA,NA,NA,NA,NA,NA
"sa22072.03",0,0,"HF",3,"9006","TPU",96.79,-0.04,0.33,0.58,2.1,NA,NA,NA,NA,NA,NA,NA,NA,NA,NA
"sa22075.03",0,0,"HF",3,"9013","PET",95.82,-0.17,0.95,1.65,1.7,NA,NA,NA,NA,NA,NA,NA,NA,NA,NA
"sa22089.00",0,0,"HF",4,"PURE","TPU",96.8,-0.03,0.32,0.56,1.7,NA,NA,NA,NA,NA,NA,NA,NA,NA,NA
"sa22080.13",0,0,"HF",3,"9025","PET",95.82,-0.16,0.94,1.66,2.2,NA,NA,NA,NA,NA,NA,NA,NA,NA,NA
"sa22078.01",0,0,"HF",1,"9013","TPU",96.75,-0.04,0.36,0.63,2.5,NA,NA,NA,NA,NA,NA,NA,NA,NA,NA
"sa22075.01",0,0,"HF",1,"9013","PET",94.88,-0.16,1.01,1.8,3.3,NA,NA,NA,NA,NA,NA,NA,NA,NA,NA
"sa22078.02",0,0,"HF",2,"9013","TPU",96.82,-0.04,0.36,0.63,2.8,NA,NA,NA,NA,NA,NA,NA,NA,NA,NA
"sa22075.04",0,0,"HF",4,"9013","PET",95.4,-0.22,0.94,1.6,1.3,NA,NA,NA,NA,NA,NA,NA,NA,NA,NA
"sa22069.04",0,0,"HF",4,"9006","PET",95.76,-0.17,0.96,1.67,1,NA,NA,NA,NA,NA,NA,NA,NA,NA,NA
"sa22078.05",0,0,"HF",4,"9013","TPU",96.75,-0.03,0.35,0.62,1.6,NA,NA,NA,NA,NA,NA,NA,NA,NA,NA
"sa22088.14",0,0,"HF",4,"PURE","TPU",96.74,-0.03,0.36,0.63,3,NA,NA,NA,NA,NA,NA,NA,NA,NA,NA
"sa22080.15",0,0,"HF",4,"9025","PET",95.82,-0.19,0.93,1.62,1.6,NA,NA,NA,NA,NA,NA,NA,NA,NA,NA
"sa22084.04",0,0,"HF",4,"9025","TPU",96.81,-0.04,0.35,0.62,2.7,NA,NA,NA,NA,NA,NA,NA,NA,NA,NA
"sa22069.01",0,0,"HF",1,"9006","PET",95.84,-0.18,0.96,1.67,1.8,NA,NA,NA,NA,NA,NA,NA,NA,NA,NA
"sa22075.05",0,0,"HF",4,"9013","PET",95.82,-0.2,0.96,1.65,1.3,NA,NA,NA,NA,NA,NA,NA,NA,NA,NA
"sa22072.05",0,0,"HF",4,"9006","TPU",96.74,-0.05,0.34,0.59,2.9,NA,NA,NA,NA,NA,NA,NA,NA,NA,NA
"sa22072.02",0,0,"HF",2,"9006","TPU",96.76,-0.03,0.35,0.63,2.3,NA,NA,NA,NA,NA,NA,NA,NA,NA,NA
"sa22080.12",0,0,"HF",2,"9025","PET",95.82,-0.19,0.95,1.64,1.4,NA,NA,NA,NA,NA,NA,NA,NA,NA,NA
"sa22086.13",1,1024,"HF",3,"PURE","PET",95.11,-0.21,1.1,1.93,2.2,NA,NA,NA,NA,NA,NA,NA,NA,NA,NA
"sa22088.11",1,1024,"HF",1,"PURE","TPU",96.72,-0.23,0.9,1.52,1.8,0.413291,0.424789,0.181383,0.0491607,1226.66,1713.22,2924.96,3316.44,NA,NA
"sa22069.02",1,1024,"HF",2,"9006","PET",95.67,-0.2,1.06,1.85,4.9,NA,NA,NA,NA,NA,NA,NA,NA,NA,NA
"sa22078.02",1,1024,"HF",2,"9013","TPU",96.7,-0.21,0.82,1.37,3,NA,NA,NA,NA,NA,NA,NA,NA,NA,NA
"sa22069.04",1,1024,"HF",4,"9006","PET",95.74,-0.23,1.04,1.78,4.3,NA,NA,NA,NA,NA,NA,NA,NA,NA,NA
"sa22078.01",1,1024,"HF",1,"9013","TPU",96.64,-0.22,0.84,1.4,2.6,0.340038,0.508211,0.101743,0.0482758,1213.61,1718.81,2932.42,3364.91,NA,NA
"sa22080.15",1,1024,"HF",4,"9025","PET",95.78,-0.21,1.02,1.77,2.7,NA,NA,NA,NA,NA,NA,NA,NA,NA,NA
"sa22072.01",1,1024,"HF",1,"9006","TPU",96.64,-0.21,0.81,1.35,2.3,0.39049,0.421079,0.171237,0.0463636,1226.66,1715.08,2924.96,3320.17,NA,NA
"sa22075.04",1,1024,"HF",4,"9013","PET",95.68,-0.22,1.03,1.78,2.3,NA,NA,NA,NA,NA,NA,NA,NA,NA,NA
"sa22084.01",1,1024,"HF",1,"9025","TPU",96.71,-0.21,0.82,1.37,2.5,0.37278,0.428324,0.152685,0.0425888,1228.52,1716.94,2924.96,3335.09,NA,NA
"sa22075.02",1,1024,"HF",2,"9013","PET",95.73,-0.2,1.03,1.8,2,NA,NA,NA,NA,NA,NA,NA,NA,NA,NA
"sa22078.04",1,1024,"HF",4,"9013","TPU",96.69,-0.31,0.89,1.42,1.9,NA,NA,NA,NA,NA,NA,NA,NA,NA,NA
"sa22080.13",1,1024,"HF",3,"9025","PET",95.74,-0.22,1.02,1.77,2.8,NA,NA,NA,NA,NA,NA,NA,NA,NA,NA
"sa22084.04",1,1024,"HF",4,"9025","TPU",96.74,-0.18,0.75,1.26,2.2,NA,NA,NA,NA,NA,NA,NA,NA,NA,NA
"sa22069.03",1,1024,"HF",3,"9006","PET",95.71,-0.21,1.03,1.79,3.3,NA,NA,NA,NA,NA,NA,NA,NA,NA,NA
"sa22080.14",1,1024,"HF",4,"9025","PET",95.75,-0.22,1.02,1.77,2.6,NA,NA,NA,NA,NA,NA,NA,NA,NA,NA
"sa22072.05",1,1024,"HF",4,"9006","TPU",96.68,-0.22,0.83,1.38,2.1,NA,NA,NA,NA,NA,NA,NA,NA,NA,NA
"sa22078.05",1,1024,"HF",4,"9013","TPU",96.73,-0.22,0.84,1.41,1.4,NA,NA,NA,NA,NA,NA,NA,NA,NA,NA
"sa22069.01",1,1024,"HF",1,"9006","PET",95.7,-0.2,1.03,1.78,4.4,0.0851364,0.12203,0.0217017,0.0104297,1252.75,1716.94,2917.5,3335.09,NA,NA
"sa22084.03",1,1024,"HF",3,"9025","TPU",96.68,-0.19,0.79,1.34,2.6,NA,NA,NA,NA,NA,NA,NA,NA,NA,NA
"sa22088.14",1,1024,"HF",4,"PURE","TPU",96.66,-0.21,0.89,1.5,2.8,NA,NA,NA,NA,NA,NA,NA,NA,NA,NA
"sa22084.05",1,1024,"HF",4,"9025","TPU",96.76,-0.19,0.76,1.27,2.5,NA,NA,NA,NA,NA,NA,NA,NA,NA,NA
"sa22072.04",1,1024,"HF",4,"9006","TPU",96.67,-0.21,0.81,1.36,2.6,NA,NA,NA,NA,NA,NA,NA,NA,NA,NA
"sa22086.12",1,1024,"HF",2,"PURE","PET",95.12,-0.2,1.09,1.91,2.4,NA,NA,NA,NA,NA,NA,NA,NA,NA,NA
"sa22072.03",1,1024,"HF",3,"9006","TPU",96.71,-0.21,0.74,1.23,1.9,NA,NA,NA,NA,NA,NA,NA,NA,NA,NA
"sa22075.03",1,1024,"HF",3,"9013","PET",95.74,-0.22,1.04,1.8,2.3,NA,NA,NA,NA,NA,NA,NA,NA,NA,NA
"sa22069.05",1,1024,"HF",4,"9006","PET",95.74,-0.22,1.02,1.77,3.3,NA,NA,NA,NA,NA,NA,NA,NA,NA,NA
"sa22088.12",1,1024,"HF",2,"PURE","TPU",96.68,-0.25,0.95,1.59,3.1,NA,NA,NA,NA,NA,NA,NA,NA,NA,NA
"sa22084.02",1,1024,"HF",2,"9025","TPU",96.73,-0.19,0.77,1.3,2,NA,NA,NA,NA,NA,NA,NA,NA,NA,NA
"sa22089.00",1,1024,"HF",4,"PURE","TPU",96.64,-0.22,0.86,1.44,3,NA,NA,NA,NA,NA,NA,NA,NA,NA,NA
"sa22086.11",1,1024,"HF",1,"PURE","PET",95.05,-0.19,1.09,1.92,2.5,0.310065,0.2548,0.028919,0.0223812,1239.71,1715.08,2906.32,3335.09,NA,NA
"sa22088.13",1,1024,"HF",3,"PURE","TPU",96.7,-0.23,0.9,1.51,2.7,NA,NA,NA,NA,NA,NA,NA,NA,NA,NA
"sa22078.03",1,1024,"HF",3,"9013","TPU",96.7,-0.22,0.81,1.35,1.9,NA,NA,NA,NA,NA,NA,NA,NA,NA,NA
"sa22080.12",1,1024,"HF",2,"9025","PET",95.71,-0.21,1.02,1.77,2.4,NA,NA,NA,NA,NA,NA,NA,NA,NA,NA
"sa22072.02",1,1024,"HF",2,"9006","TPU",96.72,-0.19,0.78,1.32,1.2,NA,NA,NA,NA,NA,NA,NA,NA,NA,NA
"sa22084.02",2,2048,"HF",2,"9025","TPU",96.85,-0.28,1.1,1.84,2.3,0.324945,0.429999,0.11724,0.0349206,1228.52,1718.81,2924.96,3346.27,NA,NA
"sa22086.14",2,2048,"HF",4,"PURE","PET",95.23,-0.18,1.14,2.02,3.3,NA,NA,NA,NA,NA,NA,NA,NA,NA,NA
"sa22075.04",2,2048,"HF",4,"9013","PET",95.86,-0.21,1.09,1.89,2,NA,NA,NA,NA,NA,NA,NA,NA,NA,NA
"sa22087.00",2,2048,"HF",4,"PURE","PET",95.26,-0.2,1.13,2,3.1,NA,NA,NA,NA,NA,NA,NA,NA,NA,NA
"sa22072.05",2,2048,"HF",4,"9006","TPU",96.84,-0.29,1.1,1.85,2.4,NA,NA,NA,NA,NA,NA,NA,NA,NA,NA
"sa22078.02",2,2048,"HF",2,"9013","TPU",96.73,-0.3,1.19,2.01,3.3,0.412951,0.428185,0.181992,0.0515666,1228.52,1713.22,2924.96,3312.72,NA,NA
"sa22080.12",2,2048,"HF",2,"9025","PET",95.87,-0.21,1.1,1.91,4.1,0.253443,0.198183,0.0249844,0.0193709,1239.71,1713.22,2910.04,3327.63,NA,NA
"sa22084.02",2,2048,"HF",2,"9025","TPU",96.85,-0.28,1.1,1.84,2.3,0.324945,0.429999,0.11724,0.0349206,1228.52,1718.81,2924.96,3346.27,NA,NA
"sa22069.02",2,2048,"HF",2,"9006","PET",95.79,-0.21,1.17,2.05,6.4,0.285611,0.223067,0.0280829,0.0223963,1239.71,1713.22,2908.18,3327.63,NA,NA
"sa22072.04",2,2048,"HF",4,"9006","TPU",96.76,-0.29,1.09,1.83,3.1,NA,NA,NA,NA,NA,NA,NA,NA,NA,NA
"sa22078.03",2,2048,"HF",3,"9013","TPU",96.78,-0.31,1.16,1.93,2.3,NA,NA,NA,NA,NA,NA,NA,NA,NA,NA
"sa22078.02",2,2048,"HF",2,"9013","TPU",96.73,-0.3,1.19,2.01,3.3,0.412951,0.428185,0.181992,0.0515666,1228.52,1713.22,2924.96,3312.72,NA,NA
"sa22080.14",2,2048,"HF",4,"9025","PET",95.86,-0.22,1.12,1.94,4.4,NA,NA,NA,NA,NA,NA,NA,NA,NA,NA
"sa22069.03",2,2048,"HF",3,"9006","PET",95.8,-0.21,1.12,1.95,5.9,NA,NA,NA,NA,NA,NA,NA,NA,NA,NA
"sa22080.13",2,2048,"HF",3,"9025","PET",95.86,-0.22,1.11,1.94,4.6,NA,NA,NA,NA,NA,NA,NA,NA,NA,NA
"sa22080.12",2,2048,"HF",2,"9025","PET",95.87,-0.21,1.1,1.91,4.1,0.253443,0.198183,0.0249844,0.0193709,1239.71,1713.22,2910.04,3327.63,NA,NA
"sa22086.12",2,2048,"HF",2,"PURE","PET",95.25,-0.2,1.13,1.98,3,0.281304,0.231015,0.0292163,0.0234708,1239.71,1715.08,2908.18,3327.63,NA,NA
"sa22069.05",2,2048,"HF",4,"9006","PET",95.79,-0.21,1.14,1.99,5.7,NA,NA,NA,NA,NA,NA,NA,NA,NA,NA
"sa22075.05",2,2048,"HF",4,"9013","PET",95.85,-0.21,1.08,1.89,2.9,NA,NA,NA,NA,NA,NA,NA,NA,NA,NA
"sa22078.05",2,2048,"HF",4,"9013","TPU",96.81,-0.29,1.15,1.93,1.7,NA,NA,NA,NA,NA,NA,NA,NA,NA,NA
"sa22088.12",2,2048,"HF",2,"PURE","TPU",96.73,-0.36,1.55,2.63,2.7,0.416693,0.431902,0.184363,0.0543776,1228.52,1713.22,2924.96,3316.44,NA,NA
"sa22078.04",2,2048,"HF",4,"9013","TPU",96.77,-0.29,1.19,2.02,2.4,NA,NA,NA,NA,NA,NA,NA,NA,NA,NA
"sa22075.02",2,2048,"HF",2,"9013","PET",95.84,-0.2,1.07,1.88,2.9,0.273799,0.219584,0.0278165,0.0223131,1239.71,1715.08,2908.18,3327.63,NA,NA
"sa22072.02",2,2048,"HF",2,"9006","TPU",96.85,-0.29,1.1,1.83,2.2,0.321456,0.528928,0.0945155,0.0386147,1228.52,1720.67,2923.09,3383.56,NA,NA
"sa22088.14",2,2048,"HF",4,"PURE","TPU",96.69,-0.29,1.24,2.11,3.1,NA,NA,NA,NA,NA,NA,NA,NA,NA,NA
"sa22088.12",2,2048,"HF",2,"PURE","TPU",96.73,-0.36,1.55,2.63,2.7,0.416693,0.431902,0.184363,0.0543776,1228.52,1713.22,2924.96,3316.44,NA,NA
"sa22069.04",2,2048,"HF",4,"9006","PET",95.84,-0.21,1.15,2.01,4.1,NA,NA,NA,NA,NA,NA,NA,NA,NA,NA
"sa22084.05",2,2048,"HF",4,"9025","TPU",96.79,-0.28,1.17,1.99,2.5,NA,NA,NA,NA,NA,NA,NA,NA,NA,NA
"sa22069.02",2,2048,"HF",2,"9006","PET",95.79,-0.21,1.17,2.05,6.4,0.285611,0.223067,0.0280829,0.0223963,1239.71,1713.22,2908.18,3327.63,NA,NA
"sa22086.12",2,2048,"HF",2,"PURE","PET",95.25,-0.2,1.13,1.98,3,0.281304,0.231015,0.0292163,0.0234708,1239.71,1715.08,2908.18,3327.63,NA,NA
"sa22084.04",2,2048,"HF",4,"9025","TPU",96.88,-0.29,1.07,1.78,2.1,NA,NA,NA,NA,NA,NA,NA,NA,NA,NA
"sa22080.15",2,2048,"HF",4,"9025","PET",95.82,-0.22,1.11,1.93,5.2,NA,NA,NA,NA,NA,NA,NA,NA,NA,NA
"sa22075.02",2,2048,"HF",2,"9013","PET",95.84,-0.2,1.07,1.88,2.9,0.273799,0.219584,0.0278165,0.0223131,1239.71,1715.08,2908.18,3327.63,NA,NA
"sa22086.13",2,2048,"HF",3,"PURE","PET",95.23,-0.2,1.13,2,2.7,NA,NA,NA,NA,NA,NA,NA,NA,NA,NA
"sa22072.03",2,2048,"HF",3,"9006","TPU",96.76,-0.21,1.1,1.9,2.6,NA,NA,NA,NA,NA,NA,NA,NA,NA,NA
"sa22072.02",2,2048,"HF",2,"9006","TPU",96.85,-0.29,1.1,1.83,2.2,0.321456,0.528928,0.0945155,0.0386147,1228.52,1720.67,2923.09,3383.56,NA,NA
"sa22089.00",2,2048,"HF",4,"PURE","TPU",96.73,-0.31,1.24,2.08,3.2,NA,NA,NA,NA,NA,NA,NA,NA,NA,NA
"sa22088.13",2,2048,"HF",3,"PURE","TPU",96.74,-0.34,1.37,2.32,2.5,NA,NA,NA,NA,NA,NA,NA,NA,NA,NA
"sa22084.03",2,2048,"HF",3,"9025","TPU",96.88,-0.28,1.11,1.87,2.1,NA,NA,NA,NA,NA,NA,NA,NA,NA,NA
"sa22086.14",3,4016,"HF",4,"PURE","PET",95.05,-0.21,1.09,1.92,3.3,0.211749,0.179847,0.0220041,0.0190872,1239.71,1716.94,2904.45,3342.54,NA,NA
"sa22080.14",3,4016,"HF",4,"9025","PET",95.55,-0.25,1.28,2.24,5,0.219604,0.180801,0.021583,0.0193492,1239.71,1716.94,2904.45,3357.46,NA,NA
"sa22075.04",3,4016,"HF",4,"9013","PET",95.51,-0.25,1.33,2.32,3.4,0.294795,0.235895,0.0269025,0.0234302,1239.71,1716.94,2904.45,3357.46,NA,NA
"sa22075.03",3,4016,"HF",3,"9013","PET",95.53,-0.25,1.32,2.3,4,0.256699,0.192515,0.0218751,0.019512,1239.71,1716.94,2893.27,3364.91,NA,NA
"sa22069.03",3,4016,"HF",3,"9006","PET",95.45,-0.27,1.42,2.48,6.1,0.335533,0.283012,0.0329263,0.0283335,1241.57,1716.94,2906.32,3331.36,NA,NA
"sa22069.05",3,4016,"HF",4,"9006","PET",95.55,-0.25,1.26,2.19,4.8,0.1798,0.134766,0.0162175,0.0152643,1237.84,1716.94,2870.9,3372.37,NA,NA
"sa22087.00",3,4016,"HF",4,"PURE","PET",95.05,-0.22,1.13,1.97,3.8,0.175643,0.149945,0.0186299,0.0162348,1239.71,1716.94,2906.32,3357.46,NA,NA
"sa22086.13",3,4016,"HF",3,"PURE","PET",94.99,-0.21,1.13,1.98,3.3,0.194387,0.168988,0.0205846,0.0179919,1239.71,1716.94,2904.45,3372.37,NA,NA
"sa22069.04",3,4016,"HF",4,"9006","PET",95.56,-0.24,1.24,2.16,4.3,0.315209,0.252832,0.0300231,0.0253943,1239.71,1716.94,2904.45,3346.27,NA,NA
"sa22075.05",3,4016,"HF",4,"9013","PET",95.5,-0.25,1.34,2.34,4.8,0.161806,0.144426,0.018772,0.0172357,1239.71,1716.94,2906.32,3357.46,NA,NA
"sa22080.15",3,4016,"HF",4,"9025","PET",95.47,-0.24,1.23,2.15,5.7,0.232281,0.193389,0.0230725,0.0201819,1239.71,1716.94,2904.45,3331.36,NA,NA
"sa22086.14",4,6608,"HF",4,"PURE","PET",94.97,-0.21,1.12,1.96,2.9,0.374411,0.316354,0.0436387,0.0348833,1213.61,1733.72,NA,NA,NA,NA
"sa22087.00",4,6608,"HF",4,"PURE","PET",95,-0.21,1.16,2.05,4.2,0.339946,0.285351,0.0373211,0.029994,1213.61,1735.59,NA,NA,NA,NA
"sa22080.15",4,6608,"HF",4,"9025","PET",95.29,-0.21,1.39,2.47,7.3,0.117691,0.0936263,0.0249062,0.0145675,1213.61,1737.45,NA,NA,NA,NA
"sa22080.14",4,6608,"HF",4,"9025","PET",95.26,-0.24,1.81,3.25,6.2,0.0805693,0.0663181,0.0159904,0.00850028,1213.61,1737.45,NA,NA,NA,NA
"sa22069.05",4,6608,"HF",4,"9006","PET",95.11,-0.23,1.8,3.24,5.9,0.171767,0.163712,0.0392394,0.0245683,1213.61,1737.45,NA,NA,NA,NA
"sa22075.05",4,6608,"HF",4,"9013","PET",95.48,-0.25,1.42,2.49,3.9,0.103747,0.0794776,0.0199267,0.0142032,1213.61,1737.45,NA,NA,NA,NA
"sa22075.04",4,6608,"HF",4,"9013","PET",95.31,-0.24,1.54,2.73,4.9,0.0908893,0.0623766,0.0163118,0.0113249,1213.61,1737.45,NA,NA,NA,NA
"sa22074.05",0,0,"mASTMG154",4,"9013","PET",95.84,-0.19,0.96,1.67,1,NA,NA,NA,NA,NA,NA,NA,NA,0,"uva340"
"sa22086.03",0,0,"mASTMG154",3,"PURE","PET",95.1,-0.16,1.02,1.81,1.2,NA,NA,NA,NA,NA,NA,NA,NA,0,"uva340"
"sa22074.02",0,0,"mASTMG154",2,"9013","PET",95.81,-0.17,0.95,1.66,1.5,NA,NA,NA,NA,NA,NA,NA,NA,0,"uva340"
"sa22074.01",0,0,"mASTMG154",1,"9013","PET",95.8,-0.17,0.96,1.68,2.2,NA,NA,NA,NA,NA,NA,NA,NA,0,"uva340"
"sa22068.03",0,0,"mASTMG154",3,"9006","PET",95.82,-0.19,0.95,1.65,2.1,NA,NA,NA,NA,NA,NA,NA,NA,0,"uva340"
"sa22077.03",0,0,"mASTMG154",3,"9013","TPU",96.77,-0.05,0.39,0.69,2.7,NA,NA,NA,NA,NA,NA,NA,NA,0,"uva340"
"sa22083.04",0,0,"mASTMG154",4,"9025","TPU",96.75,-0.03,0.37,0.65,3.7,NA,NA,NA,NA,NA,NA,NA,NA,0,"uva340"
"sa22068.04",0,0,"mASTMG154",4,"9006","PET",95.82,-0.17,0.94,1.65,1.7,NA,NA,NA,NA,NA,NA,NA,NA,0,"uva340"
"sa22088.05",0,0,"mASTMG154",4,"PURE","TPU",96.72,-0.02,0.33,0.58,4.2,NA,NA,NA,NA,NA,NA,NA,NA,0,"uva340"
"sa22086.04",0,0,"mASTMG154",4,"PURE","PET",95.06,-0.17,1.04,1.85,1.2,NA,NA,NA,NA,NA,NA,NA,NA,0,"uva340"
"sa22086.05",0,0,"mASTMG154",4,"PURE","PET",95.07,-0.16,1.03,1.84,1.1,NA,NA,NA,NA,NA,NA,NA,NA,0,"uva340"
"sa22071.03",0,0,"mASTMG154",3,"9006","TPU",96.74,-0.04,0.33,0.57,3,NA,NA,NA,NA,NA,NA,NA,NA,0,"uva340"
"sa22083.03",0,0,"mASTMG154",3,"9025","TPU",96.8,-0.03,0.33,0.59,1.4,NA,NA,NA,NA,NA,NA,NA,NA,0,"uva340"
"sa22074.04",0,0,"mASTMG154",4,"9013","PET",95.84,-0.18,0.96,1.68,1.6,NA,NA,NA,NA,NA,NA,NA,NA,0,"uva340"
"sa22068.02",0,0,"mASTMG154",2,"9006","PET",95.78,-0.17,0.96,1.68,2.2,NA,NA,NA,NA,NA,NA,NA,NA,0,"uva340"
"sa22086.02",0,0,"mASTMG154",2,"PURE","PET",95.05,-0.17,1.05,1.86,1.2,NA,NA,NA,NA,NA,NA,NA,NA,0,"uva340"
"sa22080.02",0,0,"mASTMG154",2,"9025","PET",95.8,-0.17,0.94,1.65,1.9,NA,NA,NA,NA,NA,NA,NA,NA,0,"uva340"
"sa22077.04",0,0,"mASTMG154",4,"9013","TPU",96.78,-0.04,0.36,0.62,1.8,NA,NA,NA,NA,NA,NA,NA,NA,0,"uva340"
"sa22080.04",0,0,"mASTMG154",4,"9025","PET",95.83,-0.18,0.95,1.66,1.4,NA,NA,NA,NA,NA,NA,NA,NA,0,"uva340"
"sa22074.03",0,0,"mASTMG154",3,"9013","PET",95.78,-0.18,0.96,1.68,1.1,NA,NA,NA,NA,NA,NA,NA,NA,0,"uva340"
"sa22083.01",0,0,"mASTMG154",1,"9025","TPU",96.78,-0.04,0.35,0.61,2.2,NA,NA,NA,NA,NA,NA,NA,NA,0,"uva340"
"sa22088.02",0,0,"mASTMG154",2,"PURE","TPU",96.76,-0.02,0.32,0.58,2.3,NA,NA,NA,NA,NA,NA,NA,NA,0,"uva340"
"sa22068.05",0,0,"mASTMG154",4,"9006","PET",95.79,-0.17,0.94,1.64,1.5,NA,NA,NA,NA,NA,NA,NA,NA,0,"uva340"
"sa22077.01",0,0,"mASTMG154",1,"9013","TPU",96.74,-0.04,0.37,0.64,3.9,NA,NA,NA,NA,NA,NA,NA,NA,0,"uva340"
"sa22077.02",0,0,"mASTMG154",2,"9013","TPU",96.76,-0.08,0.34,0.57,3,NA,NA,NA,NA,NA,NA,NA,NA,0,"uva340"
"sa22088.04",0,0,"mASTMG154",4,"PURE","TPU",96.81,-0.03,0.33,0.58,1.8,NA,NA,NA,NA,NA,NA,NA,NA,0,"uva340"
"sa22083.05",0,0,"mASTMG154",4,"9025","TPU",96.8,-0.04,0.37,0.65,2.8,NA,NA,NA,NA,NA,NA,NA,NA,0,"uva340"
"sa22080.05",0,0,"mASTMG154",5,"9025","PET",95.8,-0.19,0.96,1.67,1.3,NA,NA,NA,NA,NA,NA,NA,NA,0,"uva340"
"sa22071.02",0,0,"mASTMG154",2,"9006","TPU",96.78,-0.03,0.33,0.58,3.1,NA,NA,NA,NA,NA,NA,NA,NA,0,"uva340"
"sa22080.01",0,0,"mASTMG154",1,"9025","PET",95.79,-0.18,0.94,1.64,1.8,NA,NA,NA,NA,NA,NA,NA,NA,0,"uva340"
"sa22086.01",0,0,"mASTMG154",1,"PURE","PET",95.06,-0.17,1.03,1.83,1.2,NA,NA,NA,NA,NA,NA,NA,NA,0,"uva340"
"sa22071.04",0,0,"mASTMG154",4,"9006","TPU",96.71,-0.03,0.36,0.63,2.9,NA,NA,NA,NA,NA,NA,NA,NA,0,"uva340"
"sa22083.02",0,0,"mASTMG154",2,"9025","TPU",96.75,-0.02,0.36,0.65,4.4,NA,NA,NA,NA,NA,NA,NA,NA,0,"uva340"
"sa22088.03",0,0,"mASTMG154",3,"PURE","TPU",96.82,-0.03,0.3,0.54,1.5,NA,NA,NA,NA,NA,NA,NA,NA,0,"uva340"
"sa22068.01",0,0,"mASTMG154",1,"9006","PET",95.81,-0.17,0.95,1.67,2.1,NA,NA,NA,NA,NA,NA,NA,NA,0,"uva340"
"sa22071.01",0,0,"mASTMG154",1,"9006","TPU",96.7,-0.03,0.34,0.61,2.9,NA,NA,NA,NA,NA,NA,NA,NA,0,"uva340"
"sa22071.05",0,0,"mASTMG154",4,"9006","TPU",96.67,-0.04,0.34,0.59,3.3,NA,NA,NA,NA,NA,NA,NA,NA,0,"uva340"
"sa22088.01",0,0,"mASTMG154",1,"PURE","TPU",96.74,-0.04,0.35,0.6,2.3,NA,NA,NA,NA,NA,NA,NA,NA,0,"uva340"
"sa22077.02",1,976,"mASTMG154",2,"9013","TPU",96.38,-0.17,1.07,1.87,4.2,NA,NA,NA,NA,NA,NA,NA,NA,213.1096,"uva340"
"sa22077.04",1,976,"mASTMG154",4,"9013","TPU",96.51,-0.11,1.01,1.82,1.8,NA,NA,NA,NA,NA,NA,NA,NA,213.1096,"uva340"
"sa22086.04",1,976,"mASTMG154",4,"PURE","PET",95.2,-0.49,2,3.42,1.1,NA,NA,NA,NA,NA,NA,NA,NA,213.1096,"uva340"
"sa22080.03",1,976,"mASTMG154",3,"9025","PET",95.63,-0.54,1.95,3.28,2.2,NA,NA,NA,NA,NA,NA,NA,NA,213.1096,"uva340"
"sa22086.03",1,976,"mASTMG154",3,"PURE","PET",95.21,-0.48,2,3.43,2.1,NA,NA,NA,NA,NA,NA,NA,NA,213.1096,"uva340"
"sa22074.02",1,976,"mASTMG154",2,"9013","PET",95.61,-0.52,2.02,3.43,1.7,NA,NA,NA,NA,NA,NA,NA,NA,213.1096,"uva340"
"sa22071.03",1,976,"mASTMG154",3,"9006","TPU",96.59,-0.05,0.83,1.52,1.8,NA,NA,NA,NA,NA,NA,NA,NA,213.1096,"uva340"
"sa22086.05",1,976,"mASTMG154",4,"PURE","PET",95.21,-0.48,1.95,3.34,1.1,NA,NA,NA,NA,NA,NA,NA,NA,213.1096,"uva340"
"sa22088.02",1,976,"mASTMG154",2,"PURE","TPU",96.64,-0.03,0.67,1.24,2,NA,NA,NA,NA,NA,NA,NA,NA,213.1096,"uva340"
"sa22083.04",1,976,"mASTMG154",4,"9025","TPU",96.51,-0.08,0.91,1.65,2.8,NA,NA,NA,NA,NA,NA,NA,NA,213.1096,"uva340"
"sa22077.05",1,976,"mASTMG154",4,"9013","TPU",96.55,-0.1,0.84,1.5,2.5,NA,NA,NA,NA,NA,NA,NA,NA,213.1096,"uva340"
"sa22088.04",1,976,"mASTMG154",4,"PURE","TPU",96.58,-0.06,0.86,1.56,2.1,NA,NA,NA,NA,NA,NA,NA,NA,213.1096,"uva340"
"sa22074.04",1,976,"mASTMG154",4,"9013","PET",95.59,-0.54,2,3.38,1.6,NA,NA,NA,NA,NA,NA,NA,NA,213.1096,"uva340"
"sa22074.05",1,976,"mASTMG154",4,"9013","PET",95.68,-0.52,1.97,3.32,1,NA,NA,NA,NA,NA,NA,NA,NA,213.1096,"uva340"
"sa22083.03",1,976,"mASTMG154",3,"9025","TPU",96.55,-0.08,0.95,1.73,2.1,NA,NA,NA,NA,NA,NA,NA,NA,213.1096,"uva340"
"sa22068.04",1,976,"mASTMG154",4,"9006","PET",95.71,-0.53,1.95,3.28,2,NA,NA,NA,NA,NA,NA,NA,NA,213.1096,"uva340"
"sa22068.05",1,976,"mASTMG154",4,"9006","PET",95.63,-0.53,1.98,3.33,2.3,NA,NA,NA,NA,NA,NA,NA,NA,213.1096,"uva340"
"sa22080.04",1,976,"mASTMG154",4,"9025","PET",95.64,-0.52,1.92,3.22,1.7,NA,NA,NA,NA,NA,NA,NA,NA,213.1096,"uva340"
"sa22074.01",1,976,"mASTMG154",1,"9013","PET",95.67,-0.53,2.03,3.42,1.4,0.114135,0.118498,0.0159024,0.0124391,1213.61,1716.94,2917.5,3387.28,213.1096,"uva340"
"sa22080.02",1,976,"mASTMG154",2,"9025","PET",95.64,-0.48,1.82,3.08,1.7,NA,NA,NA,NA,NA,NA,NA,NA,213.1096,"uva340"
"sa22088.05",1,976,"mASTMG154",4,"PURE","TPU",96.62,-0.04,0.8,1.46,2.4,NA,NA,NA,NA,NA,NA,NA,NA,213.1096,"uva340"
"sa22088.03",1,976,"mASTMG154",3,"PURE","TPU",96.64,-0.04,0.71,1.31,1.7,NA,NA,NA,NA,NA,NA,NA,NA,213.1096,"uva340"
"sa22074.03",1,976,"mASTMG154",3,"9013","PET",95.67,-0.51,1.91,3.23,1.3,NA,NA,NA,NA,NA,NA,NA,NA,213.1096,"uva340"
"sa22083.05",1,976,"mASTMG154",4,"9025","TPU",96.52,-0.08,0.85,1.53,2.8,NA,NA,NA,NA,NA,NA,NA,NA,213.1096,"uva340"
"sa22071.02",1,976,"mASTMG154",2,"9006","TPU",96.66,-0.04,0.8,1.46,2,NA,NA,NA,NA,NA,NA,NA,NA,213.1096,"uva340"
"sa22071.04",1,976,"mASTMG154",4,"9006","TPU",96.51,-0.05,0.71,1.29,2.3,NA,NA,NA,NA,NA,NA,NA,NA,213.1096,"uva340"
"sa22068.02",1,976,"mASTMG154",2,"9006","PET",95.75,-0.56,2.03,3.41,2.8,NA,NA,NA,NA,NA,NA,NA,NA,213.1096,"uva340"
"sa22077.03",1,976,"mASTMG154",3,"9013","TPU",96.48,-0.01,1.13,2.11,2.8,NA,NA,NA,NA,NA,NA,NA,NA,213.1096,"uva340"
"sa22083.01",1,976,"mASTMG154",1,"9025","TPU",96.59,-0.07,0.96,1.74,1.9,0.360199,0.416675,0.121458,0.0543375,1226.66,1716.94,2924.96,3363.05,213.1096,"uva340"
"sa22071.01",1,976,"mASTMG154",1,"9006","TPU",96.51,-0.03,0.74,1.37,2.9,0.379037,0.468659,0.110887,0.0643417,1224.79,1718.81,2924.96,3361.19,213.1096,"uva340"
"sa22083.02",1,976,"mASTMG154",2,"9025","TPU",96.61,-0.08,0.97,1.75,1.2,NA,NA,NA,NA,NA,NA,NA,NA,213.1096,"uva340"
"sa22080.05",1,976,"mASTMG154",5,"9025","PET",95.72,-0.53,1.97,3.32,2,NA,NA,NA,NA,NA,NA,NA,NA,213.1096,"uva340"
"sa22080.01",1,976,"mASTMG154",1,"9025","PET",95.69,-0.48,1.84,3.12,1.6,0.136036,0.124631,0.0218549,0.0150171,1213.61,1716.94,2924.96,3342.54,213.1096,"uva340"
"sa22086.02",1,976,"mASTMG154",2,"PURE","PET",95.18,-0.48,1.98,3.4,1.7,NA,NA,NA,NA,NA,NA,NA,NA,213.1096,"uva340"
"sa22068.01",1,976,"mASTMG154",1,"9006","PET",95.65,-0.55,1.98,3.32,1.9,0.0969965,0.103862,0.0150733,0.012195,1213.61,1716.94,2917.5,3335.09,213.1096,"uva340"
"sa22068.03",1,976,"mASTMG154",3,"9006","PET",95.7,-0.51,1.93,3.26,2.1,NA,NA,NA,NA,NA,NA,NA,NA,213.1096,"uva340"
"sa22086.01",1,976,"mASTMG154",1,"PURE","PET",95.2,-0.49,1.97,3.37,1.2,0.194964,0.157417,0.0353983,0.0224628,1239.71,1683.39,2917.5,3335.09,213.1096,"uva340"
"sa22071.05",1,976,"mASTMG154",4,"9006","TPU",96.53,-0.05,0.91,1.66,2.1,NA,NA,NA,NA,NA,NA,NA,NA,213.1096,"uva340"
"sa22068.04",2,2063,"mASTMG154",4,"9006","PET",95.56,-0.62,2.39,4.05,2.7,NA,NA,NA,NA,NA,NA,NA,NA,450.45605,"uva340"
"sa22086.04",2,2063,"mASTMG154",4,"PURE","PET",94.82,-0.6,2.59,4.46,9.7,NA,NA,NA,NA,NA,NA,NA,NA,450.45605,"uva340"
"sa22074.03",2,2063,"mASTMG154",3,"9013","PET",95.63,-0.61,2.33,3.93,1.7,NA,NA,NA,NA,NA,NA,NA,NA,450.45605,"uva340"
"sa22071.03",2,2063,"mASTMG154",3,"9006","TPU",96.59,-0.01,0.54,0.99,2.8,NA,NA,NA,NA,NA,NA,NA,NA,450.45605,"uva340"
"sa22074.04",2,2063,"mASTMG154",4,"9013","PET",95.51,-0.7,2.78,4.71,1.8,NA,NA,NA,NA,NA,NA,NA,NA,450.45605,"uva340"
"sa22080.04",2,2063,"mASTMG154",4,"9025","PET",95.6,-0.62,2.41,4.08,2,NA,NA,NA,NA,NA,NA,NA,NA,450.45605,"uva340"
"sa22083.02",2,2063,"mASTMG154",2,"9025","TPU",96.61,-0.09,0.96,1.74,1.7,0.37236,0.482203,0.0977536,0.0694457,1217.33,1718.81,2924.96,3364.91,450.45605,"uva340"
"sa22086.05",2,2063,"mASTMG154",4,"PURE","PET",95.12,-0.58,2.36,4.04,3.6,NA,NA,NA,NA,NA,NA,NA,NA,450.45605,"uva340"
"sa22088.04",2,2063,"mASTMG154",4,"PURE","TPU",96.6,-0.01,0.64,1.18,3.4,NA,NA,NA,NA,NA,NA,NA,NA,450.45605,"uva340"
"sa22068.02",2,2063,"mASTMG154",2,"9006","PET",95.71,-0.69,2.43,4.07,4.4,0.0944512,0.0962162,0.0126458,0.0101301,1213.61,1715.08,2938.01,3383.56,450.45605,"uva340"
"sa22086.03",2,2063,"mASTMG154",3,"PURE","PET",94.93,-0.6,2.49,4.28,6.5,NA,NA,NA,NA,NA,NA,NA,NA,450.45605,"uva340"
"sa22080.02",2,2063,"mASTMG154",2,"9025","PET",95.48,-0.62,2.32,3.91,4.3,0.119566,0.0971913,0.0232889,0.0128939,1213.61,1715.08,2917.5,3340.68,450.45605,"uva340"
"sa22074.05",2,2063,"mASTMG154",4,"9013","PET",95.37,-0.66,2.56,4.34,3.7,NA,NA,NA,NA,NA,NA,NA,NA,450.45605,"uva340"
"sa22083.05",2,2063,"mASTMG154",4,"9025","TPU",96.51,-0.08,0.99,1.81,3.1,NA,NA,NA,NA,NA,NA,NA,NA,450.45605,"uva340"
"sa22083.02",2,2063,"mASTMG154",2,"9025","TPU",96.61,-0.09,0.96,1.74,1.7,0.37236,0.482203,0.0977536,0.0694457,1217.33,1718.81,2924.96,3364.91,450.45605,"uva340"
"sa22080.02",2,2063,"mASTMG154",2,"9025","PET",95.48,-0.62,2.32,3.91,4.3,0.119566,0.0971913,0.0232889,0.0128939,1213.61,1715.08,2917.5,3340.68,450.45605,"uva340"
"sa22077.04",2,2063,"mASTMG154",4,"9013","TPU",96.55,-0.08,0.95,1.72,4.1,NA,NA,NA,NA,NA,NA,NA,NA,450.45605,"uva340"
"sa22077.02",2,2063,"mASTMG154",2,"9013","TPU",96.42,-0.2,1.55,2.76,4.8,0.382957,0.514488,0.0815611,0.0785928,1213.61,1716.94,2919.37,3364.91,450.45605,"uva340"
"sa22083.03",2,2063,"mASTMG154",3,"9025","TPU",96.61,-0.03,0.74,1.35,2.9,NA,NA,NA,NA,NA,NA,NA,NA,450.45605,"uva340"
"sa22088.02",2,2063,"mASTMG154",2,"PURE","TPU",96.57,-0.02,0.55,1.02,3.3,0.406935,0.407103,0.173503,0.0470569,1226.66,1715.08,2924.96,3327.63,450.45605,"uva340"
"sa22088.02",2,2063,"mASTMG154",2,"PURE","TPU",96.57,-0.02,0.55,1.02,3.3,0.406935,0.407103,0.173503,0.0470569,1226.66,1715.08,2924.96,3327.63,450.45605,"uva340"
"sa22068.02",2,2063,"mASTMG154",2,"9006","PET",95.71,-0.69,2.43,4.07,4.4,0.0944512,0.0962162,0.0126458,0.0101301,1213.61,1715.08,2938.01,3383.56,450.45605,"uva340"
"sa22083.04",2,2063,"mASTMG154",4,"9025","TPU",96.61,-0.09,0.88,1.58,3,NA,NA,NA,NA,NA,NA,NA,NA,450.45605,"uva340"
"sa22077.05",2,2063,"mASTMG154",4,"9013","TPU",96.55,-0.09,1.02,1.85,2.5,NA,NA,NA,NA,NA,NA,NA,NA,450.45605,"uva340"
"sa22068.03",2,2063,"mASTMG154",3,"9006","PET",95.3,-0.66,2.49,4.22,4.1,NA,NA,NA,NA,NA,NA,NA,NA,450.45605,"uva340"
"sa22068.05",2,2063,"mASTMG154",4,"9006","PET",95.56,-0.62,2.4,4.07,2.4,NA,NA,NA,NA,NA,NA,NA,NA,450.45605,"uva340"
"sa22077.03",2,2063,"mASTMG154",3,"9013","TPU",96.48,-0.13,1.08,1.92,4,NA,NA,NA,NA,NA,NA,NA,NA,450.45605,"uva340"
"sa22077.02",2,2063,"mASTMG154",2,"9013","TPU",96.42,-0.2,1.55,2.76,4.8,0.382957,0.514488,0.0815611,0.0785928,1213.61,1716.94,2919.37,3364.91,450.45605,"uva340"
"sa22088.05",2,2063,"mASTMG154",4,"PURE","TPU",96.61,-0.02,0.67,1.23,3.3,NA,NA,NA,NA,NA,NA,NA,NA,450.45605,"uva340"
"sa22088.03",2,2063,"mASTMG154",3,"PURE","TPU",96.57,-0.01,0.5,0.91,3.5,NA,NA,NA,NA,NA,NA,NA,NA,450.45605,"uva340"
"sa22071.05",2,2063,"mASTMG154",4,"9006","TPU",96.55,-0.02,0.62,1.14,3.4,NA,NA,NA,NA,NA,NA,NA,NA,450.45605,"uva340"
"sa22080.05",2,2063,"mASTMG154",5,"9025","PET",95.59,-0.63,2.35,3.97,2.8,NA,NA,NA,NA,NA,NA,NA,NA,450.45605,"uva340"
"sa22071.04",2,2063,"mASTMG154",4,"9006","TPU",96.52,-0.02,0.46,0.85,4,NA,NA,NA,NA,NA,NA,NA,NA,450.45605,"uva340"
"sa22068.03",3,4070,"mASTMG154",3,"9006","PET",95.15,-0.74,2.97,5.06,10.4,0.0933351,0.0833242,0.0146087,0.012913,1213.61,1716.94,2936.14,3342.54,888.6845,"uva340"
"sa22074.03",3,4070,"mASTMG154",3,"9013","PET",94.98,-0.74,3.32,5.71,11.5,0.118346,0.112187,0.0148435,0.0138254,1213.61,1716.94,2938.01,3336.95,888.6845,"uva340"
"sa22077.05",3,4070,"mASTMG154",4,"9013","TPU",96.32,-0.09,1.01,1.84,5.6,0.410308,0.567808,0.0680581,0.0713924,1213.61,1718.81,2938.01,3327.63,888.6845,"uva340"
"sa22088.04",3,4070,"mASTMG154",4,"PURE","TPU",96.6,0.02,0.39,0.73,4.3,0.419665,0.431352,0.176491,0.0527681,1228.52,1713.22,2926.82,3322.04,888.6845,"uva340"
"sa22068.04",3,4070,"mASTMG154",4,"9006","PET",94.77,-0.71,3.13,5.41,12.4,0.118876,0.114621,0.0198359,0.0180959,1213.61,1716.94,2938.01,3322.04,888.6845,"uva340"
"sa22080.03",3,4070,"mASTMG154",3,"9025","PET",94.75,-0.67,3.07,5.31,18.1,0.0826766,0.0698439,0.0120298,0.00983493,1213.61,1716.94,2938.01,3323.9,888.6845,"uva340"
"sa22071.03",3,4070,"mASTMG154",3,"9006","TPU",96.53,0.01,0.38,0.71,4.2,0.408446,0.438024,0.170603,0.0512156,1228.52,1713.22,2926.82,3325.77,888.6845,"uva340"
"sa22074.05",3,4070,"mASTMG154",4,"9013","PET",95.29,-0.73,3.09,5.27,4.5,0.116182,0.110633,0.013427,0.0125815,1213.61,1718.81,2936.14,3336.95,888.6845,"uva340"
"sa22074.04",3,4070,"mASTMG154",4,"9013","PET",95.09,-0.81,3.68,6.32,5.1,0.111169,0.116862,0.0139152,0.0132751,1213.61,1716.94,2932.42,3336.95,888.6845,"uva340"
"sa22080.04",3,4070,"mASTMG154",4,"9025","PET",95.22,-0.77,2.99,5.07,10.2,0.101311,0.0857008,0.0149287,0.0115937,1213.61,1716.94,2938.01,3336.95,888.6845,"uva340"
"sa22077.04",3,4070,"mASTMG154",4,"9013","TPU",96.32,-0.01,0.54,1.01,4.5,0.410863,0.567931,0.0692071,0.0731985,1213.61,1707.62,2938.01,3316.44,888.6845,"uva340"
"sa22071.04",3,4070,"mASTMG154",4,"9006","TPU",96.55,0.02,0.35,0.67,3.8,0.379714,0.440095,0.114996,0.0466959,1226.66,1716.94,2926.82,3336.95,888.6845,"uva340"
"sa22083.04",3,4070,"mASTMG154",4,"9025","TPU",96.4,-0.04,0.8,1.46,4.4,0.379689,0.502484,0.0880916,0.0615779,1215.47,1718.81,2936.14,3357.46,888.6845,"uva340"
"sa22088.03",3,4070,"mASTMG154",3,"PURE","TPU",96.59,0.03,0.34,0.64,4.4,0.420034,0.4396,0.176284,0.05342,1228.52,1713.22,2928.69,3316.44,888.6845,"uva340"
"sa22071.04",3,4070,"mASTMG154",4,"9006","TPU",96.58,0.03,0.3,0.57,4.4,0.379714,0.440095,0.114996,0.0466959,1226.66,1716.94,2926.82,3336.95,888.6845,"uva340"
"sa22068.05",3,4070,"mASTMG154",4,"9006","PET",95.06,-0.67,2.93,5.04,9.4,0.179692,0.180825,0.0284284,0.0241794,1213.61,1718.81,2936.14,3323.9,888.6845,"uva340"
"sa22086.04",3,4070,"mASTMG154",4,"PURE","PET",94.93,-0.65,2.7,4.63,29.2,0.0650375,0.0667381,0.0152947,0.00856659,1235.98,1674.07,2880.22,3364.91,888.6845,"uva340"
"sa22086.05",3,4070,"mASTMG154",4,"PURE","PET",95.17,-0.63,2.55,4.35,8.1,0.131691,0.129032,0.028449,0.0146874,1237.84,1683.39,2880.22,3322.04,888.6845,"uva340"
"sa22083.05",3,4070,"mASTMG154",4,"9025","TPU",96.5,-0.05,0.86,1.58,3.8,0.339401,0.423189,0.080501,0.0496129,1222.93,1718.81,2928.69,3363.05,888.6845,"uva340"
"sa22080.05",3,4070,"mASTMG154",5,"9025","PET",94.56,-0.92,2.87,4.77,18.3,0.0946716,0.0785796,0.0155377,0.0118405,1213.61,1716.94,2938.01,3314.58,888.6845,"uva340"
"sa22088.05",3,4070,"mASTMG154",4,"PURE","TPU",96.6,0.02,0.37,0.7,4.2,0.419456,0.434008,0.177376,0.0544435,1228.52,1713.22,2926.82,3316.44,888.6845,"uva340"
"sa22083.04",4,9513,"mASTMG154",4,"9025","TPU",96.56,0.03,0.46,0.88,3.1,0.43143,0.494441,0.0999793,0.0695659,1213.61,1737.45,NA,NA,2077.16355,"uva340"
"sa22086.04",4,9513,"mASTMG154",4,"PURE","PET",94.11,-0.56,2.96,5.23,53.9,0.102869,0.113814,0.0337951,0.0179712,1213.61,1731.86,NA,NA,2077.16355,"uva340"
"sa22088.04",4,9513,"mASTMG154",4,"PURE","TPU",96.59,0.03,0.48,0.92,4.8,0.417362,0.465284,0.169044,0.0587356,1213.61,1737.45,NA,NA,2077.16355,"uva340"
"sa22068.04",4,9513,"mASTMG154",4,"9006","PET",94.21,-0.6,3.36,5.93,18.1,0.168218,0.136804,0.0278324,0.0245942,1213.61,1737.45,NA,NA,2077.16355,"uva340"
"sa22080.05",4,9513,"mASTMG154",5,"9025","PET",94.41,-0.8,2.86,4.85,32.8,0.147491,0.15401,0.0339694,0.0222111,1213.61,1733.72,NA,NA,2077.16355,"uva340"
"sa22086.05",4,9513,"mASTMG154",4,"PURE","PET",93.88,-0.47,3.15,5.65,44.2,0.314373,0.279279,0.0400584,0.0330529,1213.61,1735.59,NA,NA,2077.16355,"uva340"
"sa22074.04",4,9513,"mASTMG154",4,"9013","PET",94.2,-0.73,4.12,7.26,35.9,0.112052,0.109392,0.0211319,0.0207443,1213.61,1737.45,NA,NA,2077.16355,"uva340"
"sa22071.05",4,9513,"mASTMG154",4,"9006","TPU",95.9,-0.56,3.02,5.25,7.2,0.409089,0.489582,0.149492,0.0585309,1213.61,1737.45,NA,NA,2077.16355,"uva340"
"sa22077.04",4,9513,"mASTMG154",4,"9013","TPU",96.31,-0.01,0.47,0.87,13.8,0.514005,0.626885,0.0884927,0.0987322,1213.61,1737.45,NA,NA,2077.16355,"uva340"
"sa22088.05",4,9513,"mASTMG154",4,"PURE","TPU",96.55,0.04,0.45,0.86,5.5,0.394757,0.443066,0.154111,0.0560826,1213.61,1737.45,NA,NA,2077.16355,"uva340"
"sa22080.04",4,9513,"mASTMG154",4,"9025","PET",94,-0.52,2.86,5.06,45.2,0.16247,0.147467,0.0335728,0.0258007,1213.61,1735.59,NA,NA,2077.16355,"uva340"
"sa22077.05",4,9513,"mASTMG154",4,"9013","TPU",96.56,0.02,0.4,0.75,9.5,0.494839,0.601998,0.0860713,0.0907124,1213.61,1737.45,NA,NA,2077.16355,"uva340"
"sa22071.04",4,9513,"mASTMG154",4,"9006","TPU",96.28,-0.01,0.5,0.92,5.8,0.412927,0.490545,0.14558,0.0596604,1213.61,1737.45,NA,NA,2077.16355,"uva340"
"sa22083.05",4,9513,"mASTMG154",4,"9025","TPU",96.66,0.05,0.43,0.83,4.1,0.419461,0.468163,0.100705,0.0666429,1213.61,1737.45,NA,NA,2077.16355,"uva340"
